-- phpMyAdmin SQL Dump
-- version 5.2.0
-- https://www.phpmyadmin.net/
--
-- Host: 127.0.0.1
-- Generation Time: Dec 01, 2022 at 08:01 AM
-- Server version: 10.4.24-MariaDB
-- PHP Version: 7.4.29

SET SQL_MODE = "NO_AUTO_VALUE_ON_ZERO";
START TRANSACTION;
SET time_zone = "+00:00";


/*!40101 SET @OLD_CHARACTER_SET_CLIENT=@@CHARACTER_SET_CLIENT */;
/*!40101 SET @OLD_CHARACTER_SET_RESULTS=@@CHARACTER_SET_RESULTS */;
/*!40101 SET @OLD_COLLATION_CONNECTION=@@COLLATION_CONNECTION */;
/*!40101 SET NAMES utf8mb4 */;

--
-- Database: `store`
--

-- --------------------------------------------------------

--
-- Table structure for table `admin_info`
--

CREATE TABLE `admin_info` (
  `id` int(255) NOT NULL,
  `name` varchar(255) NOT NULL,
  `email` varchar(255) NOT NULL,
  `address` varchar(255) NOT NULL,
  `pass` varchar(255) NOT NULL,
  `file` varchar(255) NOT NULL DEFAULT 'avatar.jpg',
  `permision` varchar(255) NOT NULL DEFAULT 'Pending',
  `join_date` int(255) NOT NULL
) ENGINE=InnoDB DEFAULT CHARSET=utf8mb4;

--
-- Dumping data for table `admin_info`
--

INSERT INTO `admin_info` (`id`, `name`, `email`, `address`, `pass`, `file`, `permision`, `join_date`) VALUES
(1, 'User Name', 'admin@gmail.com', 'Dhaka,Bangladesh', '81dc9bdb52d04dc20036dbd8313ed055', '255357887_1202178876970986_919055617754994409_n.jpg', 'Success', 1668441841),
(28, 'sohan', 'sohan@gmail.com', 'sirajganj Bangladesh', '81dc9bdb52d04dc20036dbd8313ed055', 'avatar.jpg', 'Success', 1669566539);

-- --------------------------------------------------------

--
-- Table structure for table `brand`
--

CREATE TABLE `brand` (
  `admin_id` int(255) NOT NULL,
  `id` int(255) NOT NULL,
  `name` varchar(255) NOT NULL
) ENGINE=InnoDB DEFAULT CHARSET=utf8mb4;

--
-- Dumping data for table `brand`
--

INSERT INTO `brand` (`admin_id`, `id`, `name`) VALUES
(1, 8, 'tecno'),
(1, 9, 'apple'),
(1, 11, 'google '),
(1, 12, 'motrla');

-- --------------------------------------------------------

--
-- Table structure for table `category`
--

CREATE TABLE `category` (
  `admin_id` int(255) NOT NULL,
  `id` int(11) NOT NULL,
  `category` varchar(255) NOT NULL,
  `parent_id` int(255) NOT NULL DEFAULT 0
) ENGINE=InnoDB DEFAULT CHARSET=utf8mb4;

--
-- Dumping data for table `category`
--

INSERT INTO `category` (`admin_id`, `id`, `category`, `parent_id`) VALUES
(1, 52, 'mobile', 0),
(1, 57, 'leptop', 0),
(1, 58, 'asus', 57),
(1, 59, 'hp', 57),
(1, 60, 'dell', 57),
(1, 61, 'imac', 57),
(1, 62, 'tosiba', 57),
(1, 63, 'acer', 57),
(1, 64, 'iphone', 52),
(1, 65, 'samsung', 52),
(1, 66, 'iphone 10', 64),
(1, 67, 'iphone 11', 64),
(1, 68, 'iphone 12', 64),
(1, 69, 'iphone 13', 64),
(1, 70, 'iphone 14', 64),
(1, 71, 'samsung s21', 65),
(1, 72, 'samsung s22', 65),
(1, 73, 'gedget', 0),
(1, 74, 'samsung s23', 65),
(1, 75, 'charger', 72),
(28, 76, 'Uncategories', 0);

-- --------------------------------------------------------

--
-- Table structure for table `customer`
--

CREATE TABLE `customer` (
  `admin_id` int(255) NOT NULL,
  `id` int(255) NOT NULL,
  `name` varchar(255) NOT NULL,
  `email` varchar(255) NOT NULL,
  `phone` int(255) NOT NULL,
  `address` varchar(255) NOT NULL,
  `city` varchar(255) NOT NULL,
  `file` varchar(255) NOT NULL,
  `time` int(11) NOT NULL
) ENGINE=InnoDB DEFAULT CHARSET=utf8mb4;

--
-- Dumping data for table `customer`
--

INSERT INTO `customer` (`admin_id`, `id`, `name`, `email`, `phone`, `address`, `city`, `file`, `time`) VALUES
(0, 40, 'munna', 'munna@gmail.com', 2147483647, 'Ashulia Highway, Savar Upazila, Bangladesh', 'dinajpur', 'logo.png', 1665158983),
(0, 50, 'arif', 'arifm@gmail.com', 2147483647, 'Ashulia Highway, Savar Upazila, Bangladesh', 'dinajpur', 'sdfdf.png', 1663942576),
(0, 52, 'Munna Hasan 5', 'islamermusafir@gmail.com', 1739217215, 'Ashulia Highway, Savar Upazila, Bangladesh', 'savar', 'sdfdf.png', 1665154614),
(1, 57, 'Munna Hasan', 'islamermusafir@gmail.com', 1739217215, 'Ashulia Highway, Savar Upazila, Bangladesh', 'savar', '279898054_460186332543908_6542258482236105019_n.jpg', 1665159078),
(1, 60, 'munna', 'freelancermunna4@gmail.com', 1784489515, 'sirajganj,bangladesh', 'sirajganj', '8b6ec60427f9b17c1d9aaf4c415babe3.png', 1667931938),
(1, 61, 'munna', 'freelancermunna4@gmail.com', 1784489515, 'sirajganj,bangladesh', 'sirajganj', 'avatar.jpg', 1668650239),
(27, 64, 'munna', 'freelancermunna4@gmail.com', 1784489515, 'sirajganj Bangladesh', 'sirajganj', '', 1668689272);

-- --------------------------------------------------------

--
-- Table structure for table `employee`
--

CREATE TABLE `employee` (
  `admin_id` int(255) NOT NULL,
  `id` int(255) NOT NULL,
  `name` varchar(255) NOT NULL,
  `email` varchar(255) NOT NULL,
  `phone` int(255) NOT NULL,
  `address` varchar(255) NOT NULL,
  `salary` varchar(255) NOT NULL,
  `file` varchar(255) NOT NULL,
  `time` int(11) NOT NULL
) ENGINE=InnoDB DEFAULT CHARSET=utf8mb4;

--
-- Dumping data for table `employee`
--

INSERT INTO `employee` (`admin_id`, `id`, `name`, `email`, `phone`, `address`, `salary`, `file`, `time`) VALUES
(1, 57, 'Hasan', 'islamermusafir@gmail.com', 1739217215, 'Ashulia Highway, Savar Upazila, Bangladesh', '15000', '279898054_460186332543908_6542258482236105019_n.jpg', 1668944423),
(1, 60, 'munna', 'freelancermunna4@gmail.com', 1784489515, 'sirajganj,bangladesh', '20000', '8b6ec60427f9b17c1d9aaf4c415babe3.png', 1667931938),
(1, 61, 'sagor', 'freelancermunna4@gmail.com', 1784489515, 'sirajganj,bangladesh', '30000', 'Screenshot_13.jpg', 1668944322);

-- --------------------------------------------------------

--
-- Table structure for table `expense`
--

CREATE TABLE `expense` (
  `admin_id` varchar(255) NOT NULL,
  `id` int(255) NOT NULL,
  `eating_cost` int(255) NOT NULL,
  `marketing_cost` int(255) NOT NULL,
  `helth_cost` int(255) NOT NULL,
  `store_cost` int(255) NOT NULL,
  `employee_cost` int(255) NOT NULL,
  `other_cost` int(255) NOT NULL,
  `date` varchar(255) NOT NULL,
  `time` int(255) NOT NULL
) ENGINE=InnoDB DEFAULT CHARSET=utf8mb4;

--
-- Dumping data for table `expense`
--

INSERT INTO `expense` (`admin_id`, `id`, `eating_cost`, `marketing_cost`, `helth_cost`, `store_cost`, `employee_cost`, `other_cost`, `date`, `time`) VALUES
('1', 10, 1, 1, 1, 1, 1, 1, 'November 2022', 1669052346);

-- --------------------------------------------------------

--
-- Table structure for table `mail_setting`
--

CREATE TABLE `mail_setting` (
  `id` int(255) NOT NULL,
  `smtp_host` varchar(255) NOT NULL,
  `smtp_port` int(255) NOT NULL,
  `smtp_user_name` varchar(255) NOT NULL,
  `smtp_user_pass` varchar(255) NOT NULL,
  `smtp_security` varchar(255) NOT NULL,
  `site_email` varchar(255) NOT NULL,
  `site_replay_email` varchar(255) NOT NULL
) ENGINE=InnoDB DEFAULT CHARSET=utf8mb4;

--
-- Dumping data for table `mail_setting`
--

INSERT INTO `mail_setting` (`id`, `smtp_host`, `smtp_port`, `smtp_user_name`, `smtp_user_pass`, `smtp_security`, `site_email`, `site_replay_email`) VALUES
(1, 'mail.xdomainhost.com', 465, 'store@xdomainhost.com', 'DTk^=PgMp7_V', 'ssl', 'store@xdomainhost.com', 'store@xdomainhost.com');

-- --------------------------------------------------------

--
-- Table structure for table `orders`
--

CREATE TABLE `orders` (
  `id` int(255) NOT NULL,
  `user_id` int(255) NOT NULL,
  `years` varchar(255) NOT NULL,
  `years_num` varchar(255) NOT NULL,
  `pmn_method` varchar(255) NOT NULL,
  `pmn_number` varchar(255) NOT NULL,
  `trans_id` varchar(255) NOT NULL,
  `amount` int(255) NOT NULL,
  `status` varchar(255) NOT NULL DEFAULT 'Pending',
  `time` int(255) NOT NULL
) ENGINE=InnoDB DEFAULT CHARSET=utf8mb4;

--
-- Dumping data for table `orders`
--

INSERT INTO `orders` (`id`, `user_id`, `years`, `years_num`, `pmn_method`, `pmn_number`, `trans_id`, `amount`, `status`, `time`) VALUES
(84, 28, '1732685185', '2', 'Bkash', 'sdfsdf', 'sdfdf', 2000, 'Success', 1669613104),
(85, 1, '1985237645', '10', 'Bkash', '43433434', '3432434', 10000, 'Success', 1669877639);

-- --------------------------------------------------------

--
-- Table structure for table `pages`
--

CREATE TABLE `pages` (
  `id` int(11) NOT NULL,
  `about` longtext NOT NULL,
  `terms` longtext NOT NULL
) ENGINE=InnoDB DEFAULT CHARSET=utf8mb4;

--
-- Dumping data for table `pages`
--

INSERT INTO `pages` (`id`, `about`, `terms`) VALUES
(1, '<p style=\"margin-bottom: 20px; color: rgb(67, 79, 88); font-family: \" proxima=\"\" nova\",=\"\" sans-serif;=\"\" font-size:=\"\" 16px;=\"\" font-style:=\"\" normal;\"=\"\"><span style=\"font-weight: bolder; font-family: Ubuntu, sans-serif; font-size: 32px; text-align: var(--bs-body-text-align);\">What Is an About Us Page?</span><br></p><p style=\"margin-bottom: 20px; color: rgb(67, 79, 88); font-family: \" proxima=\"\" nova\",=\"\" sans-serif;=\"\" font-size:=\"\" 16px;=\"\" font-style:=\"\" normal;\"=\"\">In short, itï¿½s a page that can inspire people to work with you or buy your products. It can contain (but isnï¿½t limited to containing) your&nbsp;<a href=\"https://www.dreamhost.com/blog/how-to-tell-your-brand-story/\" target=\"_blank\" rel=\"noopener\" style=\"text-decoration: none; color: rgb(0, 115, 236);\">brand story</a>, your achievements, and your&nbsp;<a href=\"https://www.dreamhost.com/blog/customer-testimonials-social-proof/\" target=\"_blank\" rel=\"noopener\" style=\"text-decoration: none; color: rgb(0, 115, 236);\">best testimonials</a>.</p><p style=\"margin-bottom: 20px; color: rgb(67, 79, 88); font-family: \" proxima=\"\" nova\",=\"\" sans-serif;=\"\" font-size:=\"\" 16px;=\"\" font-style:=\"\" normal;\"=\"\">An&nbsp;<i>About</i>&nbsp;page is not a place to push a hard sell or boast about your business. It should offer an up-front and honest portrayal of your company, its story, and your values.</p><p style=\"margin-bottom: 20px; color: rgb(67, 79, 88); font-family: \" proxima=\"\" nova\",=\"\" sans-serif;=\"\" font-size:=\"\" 16px;=\"\" font-style:=\"\" normal;\"=\"\">So when creating an&nbsp;<i>About Us</i>&nbsp;page, you should make sure to:</p><ul style=\"margin-bottom: 30px; padding-left: 12px; color: rgb(67, 79, 88); margin-left: 20px; font-family: \" proxima=\"\" nova\",=\"\" sans-serif;\"=\"\"><li style=\"margin-bottom: 12px;\"><span style=\"font-weight: bolder;\">Stay away from the hype</span>. Users can see straight through it, so leave it for&nbsp;<a href=\"https://www.dreamhost.com/blog/how-to-promote-your-blog-on-social-media/\" target=\"_blank\" rel=\"noopener\" style=\"text-decoration: none;\">social media</a>.</li><li style=\"margin-bottom: 12px;\"><span style=\"font-weight: bolder;\">Avoid a sales pitch</span>. If a reader is on your&nbsp;<i>About Us</i>&nbsp;page, thereï¿½s a good chance theyï¿½re considering using your service or buying your product. Theyï¿½re looking at why they should choose you. So donï¿½t sell your product or service. Sell you.</li><li style=\"margin-bottom: 12px;\"><span style=\"font-weight: bolder;\">Be creative</span>. Donï¿½t fall into the trap of simply writing a brief summary of your business and calling it a day. The best&nbsp;<i>About Us</i>&nbsp;pages are creative, informative, and interesting.</li><li style=\"margin-bottom: 12px;\"><span style=\"font-weight: bolder;\">Donï¿½t follow the crowd</span>. If someoneï¿½s reading your&nbsp;<i>About</i>&nbsp;page, thereï¿½s a good chance theyï¿½ve been considering your competitors. So, make sure your page stands out. It should make it almost impossible for a potential customer to forget you.</li><li style=\"margin-bottom: 12px;\"><span style=\"font-weight: bolder;\">Feature faces</span>. Consumers often like to know who theyï¿½re buying from or working with, so be sure to feature at least some of your team members on your&nbsp;<i>About</i>&nbsp;page. It can really help boost conversions.</li></ul><p style=\"margin-bottom: 20px; color: rgb(67, 79, 88); font-family: \" proxima=\"\" nova\",=\"\" sans-serif;=\"\" font-size:=\"\" 16px;=\"\" font-style:=\"\" normal;\"=\"\">The bottom line is that people want to work with other people, not brands. You can use your&nbsp;<i>About</i>&nbsp;page to relate to users on a personal level and help them learn about your business.</p><h2 style=\"margin-bottom: 28px; font-family: Ubuntu, sans-serif; font-weight: 400; font-size: 32px; letter-spacing: normal;\"><span style=\"font-weight: bolder;\">How to Create the Perfect ï¿½About Usï¿½ Page (4 Tips)</span></h2><p style=\"margin-bottom: 20px; color: rgb(67, 79, 88); font-family: \" proxima=\"\" nova\",=\"\" sans-serif;=\"\" font-size:=\"\" 16px;=\"\" font-style:=\"\" normal;\"=\"\">You should now have a decent idea of what an&nbsp;<i>About Us</i>&nbsp;page should and shouldnï¿½t contain.</p><p style=\"margin-bottom: 20px; color: rgb(67, 79, 88); font-family: \" proxima=\"\" nova\",=\"\" sans-serif;=\"\" font-size:=\"\" 16px;=\"\" font-style:=\"\" normal;\"=\"\">Weï¿½re going to follow this with a few tips to help you create a page that makes your business stand out.</p><h3 style=\"margin-bottom: 28px; font-family: Ubuntu, sans-serif; font-weight: 500; font-size: 24px; letter-spacing: normal;\"><span style=\"font-weight: bolder;\">1. Tell a Story</span></h3><p style=\"margin-bottom: 20px; color: rgb(67, 79, 88); font-family: \" proxima=\"\" nova\",=\"\" sans-serif;=\"\" font-size:=\"\" 16px;=\"\" font-style:=\"\" normal;\"=\"\">One of the best ways to make your&nbsp;<i>About</i>&nbsp;page unique is to tell your companyï¿½s history. Often, stories can get visitors more invested in&nbsp;<a href=\"https://www.dreamhost.com/blog/how-to-create-brand-style-guide-website/\" target=\"_blank\" rel=\"noopener\" style=\"text-decoration: none; color: rgb(0, 115, 236);\">your brand</a>&nbsp;and compel them to keep reading. And that, naturally, can lead to&nbsp;<a href=\"https://www.dreamhost.com/blog/beginners-guide-cro/\" target=\"_blank\" rel=\"noopener\" style=\"text-decoration: none; color: rgb(0, 115, 236);\">more conversions</a>.</p><p style=\"margin-bottom: 20px; color: rgb(67, 79, 88); font-family: \" proxima=\"\" nova\",=\"\" sans-serif;=\"\" font-size:=\"\" 16px;=\"\" font-style:=\"\" normal;\"=\"\">First, remember to be transparent. Your&nbsp;<i>About Us</i>&nbsp;page serves to sell your unique story and get buy-in from your visitors. Transparency is incredibly important to win your visitorsï¿½ trust.</p><p style=\"margin-bottom: 20px; color: rgb(67, 79, 88); font-family: \" proxima=\"\" nova\",=\"\" sans-serif;=\"\" font-size:=\"\" 16px;=\"\" font-style:=\"\" normal;\"=\"\">You can talk about how your business got started, as well as your personal background. To help readers&nbsp;<a href=\"https://www.dreamhost.com/blog/how-to-set-smart-goals-for-your-site/\" target=\"_blank\" rel=\"noopener\" style=\"text-decoration: none; color: rgb(0, 115, 236);\">understand your goals</a>, you can even write a mission statement. This text will vary depending on your brand, but itï¿½s best to be as authentic as possible.</p><h3 style=\"margin-bottom: 28px; font-family: Ubuntu, sans-serif; font-weight: 500; font-size: 24px; letter-spacing: normal;\"><span style=\"font-weight: bolder;\">2. Keep It Simple</span></h3><p style=\"margin-bottom: 20px; color: rgb(67, 79, 88); font-family: \" proxima=\"\" nova\",=\"\" sans-serif;=\"\" font-size:=\"\" 16px;=\"\" font-style:=\"\" normal;\"=\"\">When writing your&nbsp;<i>About</i>&nbsp;page, donï¿½t use industry jargon and confusing copy. The words should leap off the page and inspire your new customers to take action. A block of text that visitors have to read six times to grasp is not going to cut it.</p><p style=\"margin-bottom: 20px; color: rgb(67, 79, 88); font-family: \" proxima=\"\" nova\",=\"\" sans-serif;=\"\" font-size:=\"\" 16px;=\"\" font-style:=\"\" normal;\"=\"\">Itï¿½s also essential to&nbsp;<a href=\"https://www.dreamhost.com/blog/identify-target-market-for-business/\" target=\"_blank\" rel=\"noopener\" style=\"text-decoration: none; color: rgb(0, 115, 236);\">consider your audience</a>. New visitors will likely want a simple introduction to your business without having to read your entire life story. Ultimately, consider what readers will be looking for and make a value proposition with that in mind.</p><p style=\"margin-bottom: 20px; color: rgb(67, 79, 88); font-family: \" proxima=\"\" nova\",=\"\" sans-serif;=\"\" font-size:=\"\" 16px;=\"\" font-style:=\"\" normal;\"=\"\">After you describe yourself and your company, be sure to add your contact details. If a visitorï¿½s got as far as looking at your&nbsp;<i>About Us</i>&nbsp;page, thereï¿½s a good chance theyï¿½re thinking of working with you or using your service. Donï¿½t miss that opportunity to convert them by making them search for a separate contact page.</p><p style=\"margin-bottom: 20px; color: rgb(67, 79, 88); font-family: \" proxima=\"\" nova\",=\"\" sans-serif;=\"\" font-size:=\"\" 16px;=\"\" font-style:=\"\" normal;\"=\"\">Lastly, donï¿½t forget about a call-to-action (CTA). This important element can convert visitors, making it clear what you want them to do next.</p><h3 style=\"margin-bottom: 28px; font-family: Ubuntu, sans-serif; font-weight: 500; font-size: 24px; letter-spacing: normal;\"><span style=\"font-weight: bolder;\">3. Use Engaging Visuals</span></h3><p style=\"margin-bottom: 20px; color: rgb(67, 79, 88); font-family: \" proxima=\"\" nova\",=\"\" sans-serif;=\"\" font-size:=\"\" 16px;=\"\" font-style:=\"\" normal;\"=\"\">If your&nbsp;<i>About Us</i>&nbsp;page has an aesthetically pleasing design, it can engage visitors and encourage them to read more. Readers may struggle to understand your story when the content is poorly laid out with too much text.</p><p style=\"margin-bottom: 20px; color: rgb(67, 79, 88); font-family: \" proxima=\"\" nova\",=\"\" sans-serif;=\"\" font-size:=\"\" 16px;=\"\" font-style:=\"\" normal;\"=\"\">Since the human brain can process images much faster than words, consider integrating them into your&nbsp;<i>About</i>&nbsp;page. Even if someone doesnï¿½t read the full page, they can view the other&nbsp;<a href=\"https://www.dreamhost.com/blog/elements-of-webdesign/\" target=\"_blank\" rel=\"noopener\" style=\"text-decoration: none; color: rgb(0, 115, 236);\">visual elements</a>&nbsp;to understand your business.</p><p style=\"margin-bottom: 20px; color: rgb(67, 79, 88); font-family: \" proxima=\"\" nova\",=\"\" sans-serif;=\"\" font-size:=\"\" 16px;=\"\" font-style:=\"\" normal;\"=\"\">Having the right design can avoid&nbsp;<a href=\"https://www.dreamhost.com/blog/scary-web-design-mistakes/\" target=\"_blank\" rel=\"noopener\" style=\"text-decoration: none; color: rgb(0, 115, 236);\">scaring away new visitors</a>. Here are some great ways to improve your&nbsp;<i>About Us</i>&nbsp;page visuals:</p><ul style=\"margin-bottom: 30px; padding-left: 12px; color: rgb(67, 79, 88); margin-left: 20px; font-family: \" proxima=\"\" nova\",=\"\" sans-serif;\"=\"\"><li style=\"margin-bottom: 12px;\">Be creative and use original graphics.</li><li style=\"margin-bottom: 12px;\">Choose the right&nbsp;<a href=\"https://www.dreamhost.com/blog/how-to-choose-color-scheme-for-your-website/\" target=\"_blank\" rel=\"noopener\" style=\"text-decoration: none;\">color scheme</a>.</li><li style=\"margin-bottom: 12px;\">Include images and videos.</li><li style=\"margin-bottom: 12px;\">Create animations.</li><li style=\"margin-bottom: 12px;\">Use readable fonts for&nbsp;<a href=\"https://www.dreamhost.com/blog/make-your-website-accessible/\" target=\"_blank\" rel=\"noopener\" style=\"text-decoration: none;\">accessibility</a>.</li></ul><p style=\"margin-bottom: 20px; color: rgb(67, 79, 88); font-family: \" proxima=\"\" nova\",=\"\" sans-serif;=\"\" font-size:=\"\" 16px;=\"\" font-style:=\"\" normal;\"=\"\">Ideally, all important information should be positioned above the fold. However, you can also guide users to scroll down and read more.</p><p style=\"margin-bottom: 20px; color: rgb(67, 79, 88); font-family: \" proxima=\"\" nova\",=\"\" sans-serif;=\"\" font-size:=\"\" 16px;=\"\" font-style:=\"\" normal;\"=\"\">While it varies from industry to industry, more than half of internet browsing now takes place on&nbsp;<a href=\"https://www.dreamhost.com/blog/how-to-optimize-your-site-for-mobile/\" target=\"_blank\" rel=\"noopener\" style=\"text-decoration: none; color: rgb(0, 115, 236);\">mobile devices</a>. So make sure your&nbsp;<i>About Us</i>&nbsp;page, and your site as a whole, is built for mobile first. Then, you can check if a page is mobile-friendly using&nbsp;<a href=\"https://search.google.com/test/mobile-friendly\" target=\"_blank\" rel=\"noopener\" style=\"text-decoration: none; color: rgb(0, 115, 236);\">Googleï¿½s Mobile-Friendly test</a>.</p><h3 style=\"margin-bottom: 28px; font-family: Ubuntu, sans-serif; font-weight: 500; font-size: 24px; letter-spacing: normal;\"><span style=\"font-weight: bolder;\">4. Make Sure the Page Loads Quickly</span></h3><p style=\"margin-bottom: 20px; color: rgb(67, 79, 88); font-family: \" proxima=\"\" nova\",=\"\" sans-serif;=\"\" font-size:=\"\" 16px;=\"\" font-style:=\"\" normal;\"=\"\">Whether you run a small business or a large company, your website needs to be fast. This is one of the best practices to improve&nbsp;<a href=\"https://www.dreamhost.com/blog/what-is-user-experience/\" target=\"_blank\" rel=\"noopener\" style=\"text-decoration: none; color: rgb(0, 115, 236);\">user experience</a>. If your&nbsp;<i>About</i>&nbsp;page takes too long to load, users will likely leave your site without reading its content.</p><p style=\"margin-bottom: 20px; color: rgb(67, 79, 88); font-family: \" proxima=\"\" nova\",=\"\" sans-serif;=\"\" font-size:=\"\" 16px;=\"\" font-style:=\"\" normal;\"=\"\">This, of course, goes for every page on your site, but key conversion pages must load as fast as possible. You can find out exactly how long a particular page of your site takes to load with&nbsp;<a href=\"https://developers.google.com/speed/pagespeed/insights/\" target=\"_blank\" rel=\"noopener\" style=\"text-decoration: none; color: rgb(0, 115, 236);\">Googleï¿½s PageSpeed Insights</a>. This will evaluate your&nbsp;<a href=\"https://www.dreamhost.com/blog/improve-core-web-vitals/\" target=\"_blank\" rel=\"noopener\" style=\"text-decoration: none; color: rgb(0, 115, 236);\">Core Web Vitals</a>:</p>', '<div style=\"font-family: Consolas, \" courier=\"\" new\",=\"\" monospace;=\"\" font-size:=\"\" 14px;=\"\" line-height:=\"\" 19px;=\"\" white-space:=\"\" pre;\"=\"\"><div data-custom-class=\"body\" style=\"font-family: \" times=\"\" new=\"\" roman\";=\"\" font-size:=\"\" medium;=\"\" background:=\"\" transparent=\"\" !important;\"=\"\"><div align=\"center\" style=\"line-height: 1.5; background: transparent !important;\"><div class=\"MsoNormal\" data-custom-class=\"heading_1\" id=\"agreement\" style=\"text-align: left; line-height: 1.5; background: transparent !important; font-family: Arial !important;\"><div data-custom-class=\"body\" times=\"\" new=\"\" roman\";=\"\" font-size:=\"\" medium;=\"\" background:=\"\" transparent=\"\" !important;\"=\"\" style=\"box-sizing: inherit; color: rgb(107, 122, 144); font-family: Heebo, sans-serif;\"><div align=\"center\" style=\"font-size: 20px; box-sizing: inherit; line-height: 1.5; background: transparent !important;\"><div class=\"MsoNormal\" data-custom-class=\"heading_1\" id=\"agreement\" style=\"box-sizing: inherit; text-align: left; line-height: 1.5; background: transparent !important; font-family: Arial !important; font-size: 19px !important;\"><br></div></div><div align=\"center\" style=\"font-size: 20px; box-sizing: inherit; line-height: 1; background: transparent !important;\"><br style=\"box-sizing: inherit; background: transparent !important;\"></div><div align=\"center\" style=\"font-size: 20px; box-sizing: inherit; line-height: 1.5; background: transparent !important;\"><div class=\"MsoNormal\" data-custom-class=\"body_text\" style=\"box-sizing: inherit; text-align: left; line-height: 1.5; color: rgb(89, 89, 89) !important; background: transparent !important; font-size: 14px !important; font-family: Arial !important;\"><span style=\"box-sizing: inherit; color: rgb(89, 89, 89); font-size: 15px; line-height: 16.1px; background: transparent !important;\"><font style=\"box-sizing: inherit; vertical-align: inherit;\"><font style=\"box-sizing: inherit; vertical-align: inherit;\">এইগুলো&nbsp;</font></font><bdt class=\"block-component\" style=\"box-sizing: inherit; color: rgb(89, 89, 89) !important; background: transparent !important; font-size: 14px !important;\"></bdt><bdt class=\"question\" style=\"box-sizing: inherit; color: rgb(89, 89, 89) !important; background: transparent !important; font-size: 14px !important;\"><font style=\"box-sizing: inherit; vertical-align: inherit;\"><font style=\"box-sizing: inherit; vertical-align: inherit;\">শর্তাবলী</font></font></bdt><bdt class=\"statement-end-if-in-editor\" style=\"box-sizing: inherit; color: rgb(89, 89, 89) !important; background: transparent !important; font-size: 14px !important;\"></bdt><font style=\"box-sizing: inherit; vertical-align: inherit;\"><font style=\"box-sizing: inherit; vertical-align: inherit;\">&nbsp;ব্যক্তিগতভাবে বা কোনো সত্তার (আপনি) পক্ষ থেকে আপনার মধ্যে করা একটি আইনগতভাবে বাধ্যতামূলক চুক্তি গঠন করুন এবং&nbsp;</font></font><bdt class=\"block-container question question-in-editor\" data-id=\"9d459c4e-c548-e5cb-7729-a118548965d2\" data-type=\"question\" style=\"box-sizing: inherit; color: rgb(89, 89, 89) !important; background: transparent !important; font-size: 14px !important;\"><font style=\"box-sizing: inherit; vertical-align: inherit;\"><font style=\"box-sizing: inherit; vertical-align: inherit;\">এক্সস্টোরবিডি</font></font></bdt></span><span style=\"box-sizing: inherit; color: rgb(89, 89, 89); font-size: 11pt; line-height: 16.1px; background: transparent !important;\"><bdt class=\"block-component\" style=\"box-sizing: inherit; color: rgb(89, 89, 89) !important; background: transparent !important; font-size: 14px !important;\"></bdt><font style=\"box-sizing: inherit; vertical-align: inherit;\"><font style=\"box-sizing: inherit; vertical-align: inherit;\">, হিসাবে ব্যবসা করছেন&nbsp;</font></font><bdt class=\"question\" style=\"box-sizing: inherit; color: rgb(89, 89, 89) !important; background: transparent !important; font-size: 14px !important;\"><font style=\"box-sizing: inherit; vertical-align: inherit;\"><font style=\"box-sizing: inherit; vertical-align: inherit;\">example@gmail.com</font></font></bdt><bdt class=\"statement-end-if-in-editor\" style=\"box-sizing: inherit; color: rgb(89, 89, 89) !important; background: transparent !important; font-size: 14px !important;\"></bdt>&nbsp;</span><span style=\"box-sizing: inherit; color: rgb(89, 89, 89); font-size: 15px; line-height: 16.1px; background: transparent !important;\"><font style=\"box-sizing: inherit; vertical-align: inherit;\"><font style=\"box-sizing: inherit; vertical-align: inherit;\">(</font></font><bdt class=\"question\" style=\"box-sizing: inherit; color: rgb(89, 89, 89) !important; background: transparent !important; font-size: 14px !important;\"><span style=\"box-sizing: inherit; font-weight: 600; color: rgb(89, 89, 89) !important; background: transparent !important;\"><font style=\"box-sizing: inherit; vertical-align: inherit;\"><font style=\"box-sizing: inherit; vertical-align: inherit;\">example@gmail.com</font></font></span></bdt><font style=\"box-sizing: inherit; vertical-align: inherit;\"><font style=\"box-sizing: inherit; vertical-align: inherit;\">,&nbsp;</font></font><span style=\"box-sizing: inherit; font-weight: 600; color: rgb(89, 89, 89) !important; background: transparent !important; font-size: 14px !important;\"><font style=\"box-sizing: inherit; vertical-align: inherit;\"><font style=\"box-sizing: inherit; vertical-align: inherit;\">আমরা</font></font></span><font style=\"box-sizing: inherit; vertical-align: inherit;\"><font style=\"box-sizing: inherit; vertical-align: inherit;\">&nbsp;,&nbsp;&nbsp;</font></font><span style=\"box-sizing: inherit; font-weight: 600; color: rgb(89, 89, 89) !important; background: transparent !important; font-size: 14px !important;\"><font style=\"box-sizing: inherit; vertical-align: inherit;\"><font style=\"box-sizing: inherit; vertical-align: inherit;\">আমাদের</font></font></span><font style=\"box-sizing: inherit; vertical-align: inherit;\"><font style=\"box-sizing: inherit; vertical-align: inherit;\">&nbsp;, বা&nbsp;&nbsp;</font></font><span style=\"box-sizing: inherit; font-weight: 600; color: rgb(89, 89, 89) !important; background: transparent !important; font-size: 14px !important;\"><font style=\"box-sizing: inherit; vertical-align: inherit;\"><font style=\"box-sizing: inherit; vertical-align: inherit;\">আমাদের</font></font></span><font style=\"box-sizing: inherit; vertical-align: inherit;\"><font style=\"box-sizing: inherit; vertical-align: inherit;\">&nbsp;), আপনার অ্যাক্সেস এবং ব্যবহার সম্পর্কে&nbsp;</font></font><bdt class=\"block-container question question-in-editor\" data-id=\"fdf30452-99b8-c68b-5cdf-34af764cd1fd\" data-type=\"question\" style=\"box-sizing: inherit; color: rgb(89, 89, 89) !important; background: transparent !important; font-size: 14px !important;\"><a href=\"https://store.xdomainhost.com/\" target=\"_blank\" data-custom-class=\"link\" style=\"box-sizing: inherit; transition: color 0.25s ease 0s; color: rgb(48, 48, 241) !important; text-decoration: none !important; font-family: Arial !important; background-image: initial !important; background-position: initial !important; background-size: initial !important; background-repeat: initial !important; background-attachment: initial !important; background-origin: initial !important; background-clip: initial !important; word-break: break-word !important;\"><font style=\"box-sizing: inherit; vertical-align: inherit;\"><font style=\"box-sizing: inherit; vertical-align: inherit;\">https://store.xdomainhost.com/</font></font></a></bdt><font style=\"box-sizing: inherit; vertical-align: inherit;\"><font style=\"box-sizing: inherit; vertical-align: inherit;\">&nbsp;ওয়েবসাইট এবং সেইসাথে অন্য কোন মিডিয়া ফর্ম, মিডিয়া চ্যানেল, মোবাইল ওয়েবসাইট বা মোবাইল অ্যাপ্লিকেশন সম্পর্কিত, লিঙ্কযুক্ত, বা অন্যথায় এর সাথে সংযুক্ত (সম্মিলিতভাবে, সাইট)।</font></font><span style=\"box-sizing: inherit; color: rgb(89, 89, 89); font-size: 11pt; line-height: 16.1px; background: transparent !important;\"><span style=\"box-sizing: inherit; color: rgb(89, 89, 89); font-size: 11pt; line-height: 16.1px; background: transparent !important;\"><span style=\"box-sizing: inherit; color: rgb(89, 89, 89); font-size: 11pt; line-height: 16.1px; background: transparent !important;\"><bdt class=\"question\" style=\"box-sizing: inherit; color: rgb(89, 89, 89) !important; background: transparent !important; font-size: 14px !important;\"><bdt class=\"block-component\" style=\"box-sizing: inherit; color: rgb(89, 89, 89) !important; background: transparent !important;\"></bdt></bdt><span style=\"box-sizing: inherit; color: rgb(89, 89, 89); font-size: 11pt; line-height: 16.1px; background: transparent !important;\"><bdt class=\"block-component\" style=\"box-sizing: inherit; color: rgb(89, 89, 89) !important; background: transparent !important; font-size: 14px !important;\"></bdt></span><font style=\"box-sizing: inherit; vertical-align: inherit;\"><font style=\"box-sizing: inherit; vertical-align: inherit;\">&nbsp;আমরা নিবন্ধিত&nbsp;</font></font><bdt class=\"block-component\" style=\"box-sizing: inherit; color: rgb(89, 89, 89) !important; background: transparent !important; font-size: 14px !important;\"></bdt><bdt class=\"block-component\" style=\"box-sizing: inherit; color: rgb(89, 89, 89) !important; background: transparent !important; font-size: 14px !important;\"></bdt><span style=\"box-sizing: inherit; color: rgb(89, 89, 89); font-size: 11pt; line-height: 16.1px; background: transparent !important;\"><span style=\"box-sizing: inherit; color: rgb(89, 89, 89); font-size: 11pt; line-height: 16.1px; background: transparent !important;\"><bdt class=\"question\" style=\"box-sizing: inherit; color: rgb(89, 89, 89) !important; background: transparent !important; font-size: 14px !important;\"><font style=\"box-sizing: inherit; vertical-align: inherit;\"><font style=\"box-sizing: inherit; vertical-align: inherit;\">বাংলাদেশ</font></font></bdt><bdt class=\"statement-end-if-in-editor\" style=\"box-sizing: inherit; color: rgb(89, 89, 89) !important; background: transparent !important; font-size: 14px !important;\"><span style=\"box-sizing: inherit; color: rgb(89, 89, 89); font-size: 11pt; line-height: 16.1px; background: transparent !important;\"><span style=\"box-sizing: inherit; color: rgb(89, 89, 89); font-size: 11pt; line-height: 16.1px; background: transparent !important;\"><bdt class=\"statement-end-if-in-editor\" style=\"box-sizing: inherit; color: rgb(89, 89, 89) !important; background: transparent !important; font-size: 14px !important;\"></bdt></span></span></bdt></span></span><font style=\"box-sizing: inherit; vertical-align: inherit;\"><font style=\"box-sizing: inherit; vertical-align: inherit;\">&nbsp;এবং এখানে আমাদের নিবন্ধিত অফিস আছে&nbsp;</font></font><bdt class=\"question\" style=\"box-sizing: inherit; color: rgb(89, 89, 89) !important; background: transparent !important; font-size: 14px !important;\"><font style=\"box-sizing: inherit; vertical-align: inherit;\"><font style=\"box-sizing: inherit; vertical-align: inherit;\">example@gmail.com</font></font></bdt></span></span><span style=\"box-sizing: inherit; color: rgb(89, 89, 89); font-size: 11pt; line-height: 16.1px; background: transparent !important;\"><span style=\"box-sizing: inherit; color: rgb(89, 89, 89); font-size: 11pt; line-height: 16.1px; background: transparent !important;\"><bdt class=\"statement-end-if-in-editor\" style=\"box-sizing: inherit; color: rgb(89, 89, 89) !important; background: transparent !important; font-size: 14px !important;\"><font style=\"box-sizing: inherit; vertical-align: inherit;\"><font style=\"box-sizing: inherit; vertical-align: inherit;\">.</font></font></bdt><bdt class=\"else-block\" style=\"box-sizing: inherit; color: rgb(89, 89, 89) !important; background: transparent !important; font-size: 14px !important;\"></bdt></span></span><bdt class=\"statement-end-if-in-editor\" style=\"box-sizing: inherit; color: rgb(89, 89, 89) !important; background: transparent !important; font-size: 14px !important;\"></bdt></span><bdt class=\"block-component\" style=\"box-sizing: inherit; color: rgb(89, 89, 89) !important; background: transparent !important; font-size: 14px !important;\"></bdt></span><font style=\"box-sizing: inherit; vertical-align: inherit;\">&nbsp;আপনি সম্মত হন যে সাইটটি অ্যাক্সেস করার মাধ্যমে, আপনি পড়েছেন, বুঝেছেন এবং এই সমস্তগুলির দ্বারা আবদ্ধ হতে সম্মত হয়েছেন৷&nbsp;</font><bdt class=\"block-component\" style=\"box-sizing: inherit; color: rgb(89, 89, 89) !important; background: transparent !important;\"></bdt><bdt class=\"question\" style=\"box-sizing: inherit; color: rgb(89, 89, 89) !important; background: transparent !important;\"><font style=\"box-sizing: inherit; vertical-align: inherit;\">শর্তাবলী</font></bdt><bdt class=\"statement-end-if-in-editor\" style=\"box-sizing: inherit; color: rgb(89, 89, 89) !important; background: transparent !important;\"></bdt><bdt class=\"block-container if\" data-type=\"if\" id=\"c4a4c609-d962-97d8-9b96-d3492402adad\" style=\"box-sizing: inherit; color: rgb(89, 89, 89) !important; background: transparent !important;\"><bdt class=\"block-component\" data-record-question-key=\"separate_agreement_option\" data-type=\"statement\" style=\"box-sizing: inherit; color: rgb(89, 89, 89) !important; background: transparent !important;\"></bdt></bdt><bdt class=\"block-container if\" data-type=\"if\" id=\"c4a4c609-d962-97d8-9b96-d3492402adad\" style=\"box-sizing: inherit; color: rgb(89, 89, 89) !important; background: transparent !important;\"><font style=\"box-sizing: inherit; vertical-align: inherit;\">,</font></bdt><bdt class=\"block-container if\" data-type=\"if\" id=\"c4a4c609-d962-97d8-9b96-d3492402adad\" style=\"box-sizing: inherit; color: rgb(89, 89, 89) !important; background: transparent !important;\"><bdt data-type=\"conditional-block\" style=\"box-sizing: inherit; color: rgb(89, 89, 89) !important; background: transparent !important;\">&nbsp;<bdt data-type=\"body\" style=\"box-sizing: inherit; color: rgb(89, 89, 89) !important; background: transparent !important;\"><font style=\"box-sizing: inherit; vertical-align: inherit;\"><font style=\"box-sizing: inherit; vertical-align: inherit;\">অন্তর্ভুক্ত করা&nbsp;</font></font><bdt class=\"block-container question question-in-editor\" data-id=\"854b2e15-26e1-3b27-3764-4c2e1562ed00\" data-type=\"question\" style=\"box-sizing: inherit; color: rgb(89, 89, 89) !important; background: transparent !important;\"><font style=\"box-sizing: inherit; vertical-align: inherit;\"><font style=\"box-sizing: inherit; vertical-align: inherit;\">পরিষেবা চুক্তি</font></font></bdt></bdt></bdt></bdt><bdt class=\"block-container if\" data-type=\"if\" id=\"c4a4c609-d962-97d8-9b96-d3492402adad\" style=\"box-sizing: inherit; color: rgb(89, 89, 89) !important; background: transparent !important;\"><font style=\"box-sizing: inherit; vertical-align: inherit;\"><font style=\"box-sizing: inherit; vertical-align: inherit;\">&nbsp;সাইটে পোস্ট করা হয়েছে, যা এই অন্তর্ভুক্ত করা হয়&nbsp;</font></font><bdt class=\"block-component\" style=\"box-sizing: inherit; color: rgb(89, 89, 89) !important; background: transparent !important;\"></bdt><bdt class=\"question\" style=\"box-sizing: inherit; color: rgb(89, 89, 89) !important; background: transparent !important;\"><font style=\"box-sizing: inherit; vertical-align: inherit;\"><font style=\"box-sizing: inherit; vertical-align: inherit;\">শর্তাবলী</font></font></bdt><bdt class=\"statement-end-if-in-editor\" style=\"box-sizing: inherit; color: rgb(89, 89, 89) !important; background: transparent !important;\"></bdt></bdt><bdt class=\"block-container if\" data-type=\"if\" id=\"c4a4c609-d962-97d8-9b96-d3492402adad\" style=\"box-sizing: inherit; color: rgb(89, 89, 89) !important; background: transparent !important;\"><bdt class=\"statement-end-if-in-editor\" data-type=\"close\" style=\"box-sizing: inherit; color: rgb(89, 89, 89) !important; background: transparent !important;\"></bdt></bdt><font style=\"box-sizing: inherit; vertical-align: inherit;\"><font style=\"box-sizing: inherit; vertical-align: inherit;\">.&nbsp;</font><font style=\"box-sizing: inherit; vertical-align: inherit;\">আপনি যদি এই সবের সাথে একমত না হন&nbsp;</font></font><bdt class=\"block-component\" style=\"box-sizing: inherit; color: rgb(89, 89, 89) !important; background: transparent !important;\"></bdt><bdt class=\"question\" style=\"box-sizing: inherit; color: rgb(89, 89, 89) !important; background: transparent !important;\"><font style=\"box-sizing: inherit; vertical-align: inherit;\">শর্তাবলী</font></bdt><bdt class=\"statement-end-if-in-editor\" style=\"box-sizing: inherit; color: rgb(89, 89, 89) !important; background: transparent !important;\"></bdt><font style=\"box-sizing: inherit; vertical-align: inherit;\">, তাহলে আপনাকে সাইটটি ব্যবহার করা থেকে স্পষ্টভাবে নিষিদ্ধ করা হয়েছে এবং আপনাকে অবিলম্বে ব্যবহার বন্ধ করতে হবে।</font></div></div><div align=\"center\" style=\"font-size: 20px; box-sizing: inherit; line-height: 1; background: transparent !important;\"><br style=\"box-sizing: inherit; background: transparent !important;\"></div><div align=\"center\" style=\"font-size: 20px; box-sizing: inherit; line-height: 1.5; background: transparent !important;\"><div class=\"MsoNormal\" data-custom-class=\"body_text\" style=\"box-sizing: inherit; text-align: left; line-height: 1.5; color: rgb(89, 89, 89) !important; background: transparent !important; font-size: 14px !important; font-family: Arial !important;\"><span style=\"box-sizing: inherit; font-size: 15px; color: rgb(89, 89, 89) !important; background: transparent !important;\"><span style=\"box-sizing: inherit; color: rgb(89, 89, 89); line-height: 16.1px; background: transparent !important; font-size: 14px !important;\"><font style=\"box-sizing: inherit; vertical-align: inherit;\"><font style=\"box-sizing: inherit; vertical-align: inherit;\">পরিপূরক শর্তাবলী বা নথি যা সময়ে সময়ে সাইটে পোস্ট করা যেতে পারে তা এখানে স্পষ্টভাবে রেফারেন্স দ্বারা অন্তর্ভুক্ত করা হয়েছে।&nbsp;</font><font style=\"box-sizing: inherit; vertical-align: inherit;\">আমরা অধিকার সংরক্ষণ করি, আমাদের নিজস্ব বিবেচনার ভিত্তিতে, এগুলিতে পরিবর্তন বা পরিবর্তন করার&nbsp;</font></font><bdt class=\"block-component\" style=\"box-sizing: inherit; color: rgb(89, 89, 89) !important; background: transparent !important;\"></bdt><bdt class=\"question\" style=\"box-sizing: inherit; color: rgb(89, 89, 89) !important; background: transparent !important;\"><font style=\"box-sizing: inherit; vertical-align: inherit;\"><font style=\"box-sizing: inherit; vertical-align: inherit;\">শর্তাবলী</font></font></bdt><bdt class=\"statement-end-if-in-editor\" style=\"box-sizing: inherit; color: rgb(89, 89, 89) !important; background: transparent !important;\"></bdt>&nbsp;<bdt class=\"block-component\" style=\"box-sizing: inherit; color: rgb(89, 89, 89) !important; background: transparent !important;\"></bdt><font style=\"box-sizing: inherit; vertical-align: inherit;\"><font style=\"box-sizing: inherit; vertical-align: inherit;\">যে কোন সময় এবং যে কোন কারণে</font></font><bdt class=\"statement-end-if-in-editor\" style=\"box-sizing: inherit; color: rgb(89, 89, 89) !important; background: transparent !important;\"></bdt><font style=\"box-sizing: inherit; vertical-align: inherit;\"><font style=\"box-sizing: inherit; vertical-align: inherit;\">.&nbsp;</font><font style=\"box-sizing: inherit; vertical-align: inherit;\">আমরা এইগুলির শেষ আপডেট করা তারিখ আপডেট করে যেকোনো পরিবর্তন সম্পর্কে আপনাকে সতর্ক করব&nbsp;</font></font><bdt class=\"block-component\" style=\"box-sizing: inherit; color: rgb(89, 89, 89) !important; background: transparent !important;\"></bdt><bdt class=\"question\" style=\"box-sizing: inherit; color: rgb(89, 89, 89) !important; background: transparent !important;\"><font style=\"box-sizing: inherit; vertical-align: inherit;\"><font style=\"box-sizing: inherit; vertical-align: inherit;\">শর্তাবলী</font></font></bdt><bdt class=\"statement-end-if-in-editor\" style=\"box-sizing: inherit; color: rgb(89, 89, 89) !important; background: transparent !important;\"></bdt><font style=\"box-sizing: inherit; vertical-align: inherit;\"><font style=\"box-sizing: inherit; vertical-align: inherit;\">, এবং আপনি এই ধরনের প্রতিটি পরিবর্তনের সুনির্দিষ্ট নোটিশ পাওয়ার অধিকার পরিত্যাগ করবেন।&nbsp;</font><font style=\"box-sizing: inherit; vertical-align: inherit;\">অনুগ্রহ করে নিশ্চিত করুন যে আপনি প্রতিবার আমাদের সাইট ব্যবহার করার সময় প্রযোজ্য শর্তাবলী চেক করেছেন যাতে আপনি বুঝতে পারেন কোন শর্তাবলী প্রযোজ্য।&nbsp;</font><font style=\"box-sizing: inherit; vertical-align: inherit;\">আপনি কোন সংশোধিত পরিবর্তনের বিষয় হবেন, এবং আপনাকে সচেতন করা হয়েছে এবং মেনে নেওয়া হয়েছে বলে মনে করা হবে।&nbsp;</font></font><bdt class=\"block-component\" style=\"box-sizing: inherit; color: rgb(89, 89, 89) !important; background: transparent !important;\"></bdt><bdt class=\"question\" style=\"box-sizing: inherit; color: rgb(89, 89, 89) !important; background: transparent !important;\"><font style=\"box-sizing: inherit; vertical-align: inherit;\"><font style=\"box-sizing: inherit; vertical-align: inherit;\">শর্তাবলী</font></font></bdt><bdt class=\"statement-end-if-in-editor\" style=\"box-sizing: inherit; color: rgb(89, 89, 89) !important; background: transparent !important;\"></bdt><font style=\"box-sizing: inherit; vertical-align: inherit;\"><font style=\"box-sizing: inherit; vertical-align: inherit;\">&nbsp;সংশোধিত তারিখের পরে আপনার সাইটের ক্রমাগত ব্যবহার দ্বারা&nbsp;</font></font><bdt class=\"block-component\" style=\"box-sizing: inherit; color: rgb(89, 89, 89) !important; background: transparent !important;\"></bdt><bdt class=\"question\" style=\"box-sizing: inherit; color: rgb(89, 89, 89) !important; background: transparent !important;\"><font style=\"box-sizing: inherit; vertical-align: inherit;\"><font style=\"box-sizing: inherit; vertical-align: inherit;\">শর্তাবলী</font></font></bdt><bdt class=\"statement-end-if-in-editor\" style=\"box-sizing: inherit; color: rgb(89, 89, 89) !important; background: transparent !important;\"></bdt><font style=\"box-sizing: inherit; vertical-align: inherit;\"><font style=\"box-sizing: inherit; vertical-align: inherit;\">&nbsp;পোস্ট করা হয়</font></font></span></span></div></div><div align=\"center\" style=\"font-size: 20px; box-sizing: inherit; line-height: 1; background: transparent !important;\"><br style=\"box-sizing: inherit; background: transparent !important;\"></div><div align=\"center\" style=\"font-size: 20px; box-sizing: inherit; line-height: 1.5; background: transparent !important;\"><div class=\"MsoNormal\" data-custom-class=\"body_text\" style=\"box-sizing: inherit; text-align: left; line-height: 1.5; color: rgb(89, 89, 89) !important; background: transparent !important; font-size: 14px !important; font-family: Arial !important;\"><span style=\"box-sizing: inherit; color: rgb(89, 89, 89); font-size: 15px; line-height: 16.1px; background: transparent !important;\"><font style=\"box-sizing: inherit; vertical-align: inherit;\"><font style=\"box-sizing: inherit; vertical-align: inherit;\">সাইটে প্রদত্ত তথ্যগুলি কোনও ব্যক্তি বা সত্তার দ্বারা কোনও অধিক্ষেত্র বা দেশে বিতরণ বা ব্যবহারের উদ্দেশ্যে নয় যেখানে এই ধরনের বিতরণ বা ব্যবহার আইন বা প্রবিধানের পরিপন্থী হবে বা যা এই ধরনের এখতিয়ার বা দেশের মধ্যে আমাদের নিবন্ধকরণের প্রয়োজনীয়তার বিষয় হবে। .&nbsp;</font><font style=\"box-sizing: inherit; vertical-align: inherit;\">তদনুসারে, যে সমস্ত ব্যক্তিরা অন্যান্য অবস্থান থেকে সাইটটি অ্যাক্সেস করতে বেছে নেয় তারা তাদের নিজস্ব উদ্যোগে এটি করে এবং স্থানীয় আইনগুলি মেনে চলার জন্য সম্পূর্ণরূপে দায়ী, যদি এবং যে পরিমাণে স্থানীয় আইন প্রযোজ্য হয়।</font></font></span></div><div class=\"MsoNormal\" data-custom-class=\"body_text\" style=\"box-sizing: inherit; line-height: 1.5; color: rgb(89, 89, 89) !important; background: transparent !important; font-size: 14px !important; font-family: Arial !important;\"><span style=\"box-sizing: inherit; color: rgb(89, 89, 89); font-size: 11pt; line-height: 16.1px; background: transparent !important;\"><bdt class=\"block-component\" style=\"box-sizing: inherit; color: rgb(89, 89, 89) !important; background: transparent !important; font-size: 14px !important;\"></bdt></span></div><div class=\"MsoNormal\" data-custom-class=\"body_text\" style=\"box-sizing: inherit; text-align: left; line-height: 1; color: rgb(89, 89, 89) !important; background: transparent !important; font-size: 14px !important; font-family: Arial !important;\"><br style=\"box-sizing: inherit; color: rgb(89, 89, 89) !important; background: transparent !important;\"></div><div class=\"MsoNormal\" data-custom-class=\"body_text\" style=\"box-sizing: inherit; text-align: left; line-height: 1.5; color: rgb(89, 89, 89) !important; background: transparent !important; font-size: 14px !important; font-family: Arial !important;\"><bdt class=\"block-container if\" data-type=\"if\" id=\"a2595956-7028-dbe5-123e-d3d3a93ed076\" style=\"box-sizing: inherit; color: rgb(89, 89, 89) !important; background: transparent !important;\"><bdt data-type=\"conditional-block\" style=\"box-sizing: inherit; color: rgb(89, 89, 89) !important; background: transparent !important;\"><span style=\"box-sizing: inherit; font-size: 15px; color: rgb(89, 89, 89) !important; background: transparent !important;\"><bdt class=\"block-component\" data-record-question-key=\"user_o18_option\" data-type=\"statement\" style=\"box-sizing: inherit; color: rgb(89, 89, 89) !important; background: transparent !important; font-size: 14px !important;\"></bdt></span><bdt data-type=\"body\" style=\"box-sizing: inherit; color: rgb(89, 89, 89) !important; background: transparent !important;\"><span style=\"box-sizing: inherit; color: rgb(89, 89, 89); font-size: 15px; line-height: 16.1px; background: transparent !important;\"><font style=\"box-sizing: inherit; vertical-align: inherit;\"><font style=\"box-sizing: inherit; vertical-align: inherit;\">সাইটটি এমন ব্যবহারকারীদের জন্য যাদের বয়স কমপক্ষে 18 বছর।&nbsp;</font><font style=\"box-sizing: inherit; vertical-align: inherit;\">18 বছরের কম বয়সী ব্যক্তিদের সাইটের জন্য ব্যবহার বা&nbsp;</font></font></span><font style=\"box-sizing: inherit; vertical-align: inherit;\"><span style=\"box-sizing: inherit; color: rgb(89, 89, 89); font-size: 15px; line-height: 16.1px; background: transparent !important;\"><font style=\"box-sizing: inherit; vertical-align: inherit;\">নিবন্ধন করার অনুমতি নেই।</font></span></font><span style=\"box-sizing: inherit; color: rgb(89, 89, 89); font-size: 11pt; line-height: 16.1px; background: transparent !important;\">&nbsp;</span></bdt></bdt></bdt></div></div><div align=\"center\" style=\"box-sizing: inherit; line-height: 1.5; background: transparent !important;\"><div class=\"MsoNormal\" style=\"font-size: 20px; box-sizing: inherit; text-align: left; line-height: 1.5; background: transparent !important;\"><br style=\"box-sizing: inherit; background: transparent !important;\"></div><div class=\"MsoNormal\" style=\"font-size: 20px; box-sizing: inherit; text-align: justify; line-height: 1; background: transparent !important;\"><bdt class=\"block-container if\" data-type=\"if\" id=\"d13abc62-cc6f-e059-7fd6-cb6208085aa7\" style=\"box-sizing: inherit; background: transparent !important;\"><bdt class=\"block-component\" data-record-question-key=\"user_account_option\" data-type=\"statement\" style=\"box-sizing: inherit; background: transparent !important;\"></bdt><bdt data-type=\"body\" style=\"box-sizing: inherit; background: transparent !important;\"><div class=\"MsoNormal\" data-custom-class=\"heading_1\" id=\"userreg\" style=\"box-sizing: inherit; line-height: 1.5; text-align: left; background: transparent !important; font-family: Arial !important; font-size: 19px !important;\"><span style=\"box-sizing: inherit; font-weight: 600; background: transparent !important;\"><span style=\"box-sizing: inherit; line-height: 21.85px; background: transparent !important;\"><font style=\"box-sizing: inherit; vertical-align: inherit;\"><font style=\"box-sizing: inherit; vertical-align: inherit;\">ব্যবহারকারীর নিবন্ধন</font></font></span></span></div></bdt></bdt></div><div class=\"MsoNormal\" style=\"font-size: 20px; box-sizing: inherit; text-align: left; line-height: 1; background: transparent !important;\"><br style=\"box-sizing: inherit; background: transparent !important;\"></div><div class=\"MsoNormal\" style=\"font-size: 20px; box-sizing: inherit; text-align: justify; line-height: 1; background: transparent !important;\"><bdt class=\"block-container if\" data-type=\"if\" style=\"box-sizing: inherit; background: transparent !important;\"><bdt data-type=\"conditional-block\" style=\"box-sizing: inherit; background: transparent !important;\"><bdt data-type=\"body\" style=\"box-sizing: inherit; background: transparent !important;\"><div class=\"MsoNormal\" data-custom-class=\"body_text\" style=\"box-sizing: inherit; text-align: left; line-height: 1.5; color: rgb(89, 89, 89) !important; background: transparent !important; font-size: 14px !important; font-family: Arial !important;\"><span style=\"box-sizing: inherit; color: rgb(89, 89, 89); font-size: 15px; line-height: 16.1px; background: transparent !important;\"><font style=\"box-sizing: inherit; vertical-align: inherit;\"><font style=\"box-sizing: inherit; vertical-align: inherit;\">আপনাকে সাইটের সাথে নিবন্ধন করতে হতে পারে।&nbsp;</font><font style=\"box-sizing: inherit; vertical-align: inherit;\">আপনি আপনার পাসওয়ার্ড গোপন রাখতে সম্মত হন এবং আপনার অ্যাকাউন্ট এবং পাসওয়ার্ডের সমস্ত ব্যবহারের জন্য দায়ী থাকবেন।&nbsp;</font><font style=\"box-sizing: inherit; vertical-align: inherit;\">আমরা যদি আমাদের নিজস্ব বিবেচনার ভিত্তিতে নির্ধারণ করি যে এই ধরনের ব্যবহারকারীর নাম অনুপযুক্ত, অশ্লীল বা অন্যথায় আপত্তিকর তা আপনার নির্বাচিত একটি ব্যবহারকারীর নাম অপসারণ, পুনরুদ্ধার বা পরিবর্তন করার অধিকার আমরা সংরক্ষণ করি।</font></font></span></div></bdt></bdt></bdt></div><div class=\"MsoNormal\" style=\"font-size: 20px; box-sizing: inherit; text-align: left; line-height: 1.5; background: transparent !important;\"><br style=\"box-sizing: inherit; background: transparent !important;\"></div><div class=\"MsoNormal\" style=\"font-size: 20px; box-sizing: inherit; text-align: justify; line-height: 1.5; background: transparent !important;\"><bdt class=\"block-container if\" data-type=\"if\" style=\"box-sizing: inherit; background: transparent !important;\"><bdt class=\"statement-end-if-in-editor\" data-type=\"close\" style=\"box-sizing: inherit; background: transparent !important;\"></bdt></bdt></div><div class=\"MsoNormal\" data-custom-class=\"heading_1\" id=\"payment\" style=\"font-size: 19px !important; box-sizing: inherit; text-align: left; line-height: 1.5; background: transparent !important; font-family: Arial !important;\"><a name=\"_ynub0jdx8pob\" style=\"box-sizing: inherit; transition: color 0.25s ease 0s; color: rgb(0, 0, 0) !important; text-decoration: none !important; font-family: Arial !important; background-image: initial !important; background-position: initial !important; background-size: initial !important; background-repeat: initial !important; background-attachment: initial !important; background-origin: initial !important; background-clip: initial !important;\"></a><span style=\"box-sizing: inherit; font-weight: 600; background: transparent !important;\"><span style=\"box-sizing: inherit; line-height: 21.85px; background: transparent !important;\">ফি এবং পেমেন্ট</span></span></div><div class=\"MsoNormal\" style=\"font-size: 20px; box-sizing: inherit; text-align: left; line-height: 1; background: transparent !important;\"><span style=\"box-sizing: inherit; color: rgb(89, 89, 89); font-size: 11pt; line-height: 16.8667px; font-family: Arial; background: transparent !important;\"><br style=\"box-sizing: inherit; background: transparent !important;\"></span></div><div class=\"MsoNormal\" data-custom-class=\"body_text\" style=\"font-size: 14px !important; box-sizing: inherit; text-align: left; line-height: 1.5; color: rgb(89, 89, 89) !important; background: transparent !important; font-family: Arial !important;\"><span style=\"box-sizing: inherit; color: rgb(89, 89, 89); font-size: 15px; background: transparent !important;\"><font style=\"box-sizing: inherit; vertical-align: inherit;\">আমরা পেমেন্টের নিম্নলিখিত ফর্মগুলি গ্রহণ করি:</font></span></div><div class=\"MsoNormal\" style=\"font-size: 20px; box-sizing: inherit; text-align: justify; line-height: 1; background: transparent !important;\"><div class=\"MsoNormal\" style=\"box-sizing: inherit; line-height: 17.25px; background: transparent !important;\"><div class=\"MsoNormal\" data-custom-class=\"body_text\" style=\"box-sizing: inherit; line-height: 1; text-align: left; color: rgb(89, 89, 89) !important; background: transparent !important; font-size: 14px !important; font-family: Arial !important;\"><br style=\"box-sizing: inherit; color: rgb(89, 89, 89) !important; background: transparent !important;\"></div><div class=\"MsoNormal\" data-custom-class=\"body_text\" style=\"box-sizing: inherit; margin-left: 46.9pt; text-indent: -18.55pt; line-height: 1.5; text-align: left; color: rgb(89, 89, 89) !important; background: transparent !important; font-size: 14px !important; font-family: Arial !important;\"><span style=\"box-sizing: inherit; color: rgb(89, 89, 89); font-size: 15px; line-height: 16.8667px; background: transparent !important;\"><bdt class=\"block-container forloop\" data-type=\"forloop\" id=\"a6e21b8e-b955-c546-15dd-bb6eda2fe88a\" style=\"box-sizing: inherit; color: rgb(89, 89, 89) !important; background: transparent !important; font-size: 14px !important;\"><bdt data-type=\"conditional-block\" style=\"box-sizing: inherit; color: rgb(89, 89, 89) !important; background: transparent !important;\"><bdt class=\"forloop-component\" data-record-question-key=\"payment_list\" data-type=\"statement\" style=\"box-sizing: inherit; color: rgb(89, 89, 89) !important; background: transparent !important;\"></bdt></bdt></bdt><bdt class=\"block-container forloop\" data-type=\"forloop\" id=\"a6e21b8e-b955-c546-15dd-bb6eda2fe88a\" style=\"box-sizing: inherit; color: rgb(89, 89, 89) !important; background: transparent !important; font-size: 14px !important;\"><bdt data-type=\"conditional-block\" style=\"box-sizing: inherit; color: rgb(89, 89, 89) !important; background: transparent !important;\"><bdt data-type=\"body\" style=\"box-sizing: inherit; color: rgb(89, 89, 89) !important; background: transparent !important;\"><span style=\"box-sizing: inherit; text-indent: -24.7333px; color: rgb(89, 89, 89) !important; background: transparent !important;\">- &nbsp;Bkash</span></bdt></bdt></bdt></span></div><div class=\"MsoNormal\" data-custom-class=\"body_text\" style=\"box-sizing: inherit; margin-left: 46.9pt; text-indent: -18.55pt; line-height: 1.5; text-align: left; color: rgb(89, 89, 89) !important; background: transparent !important; font-size: 14px !important; font-family: Arial !important;\"><span style=\"box-sizing: inherit; color: rgb(89, 89, 89); font-size: 15px; line-height: 16.8667px; background: transparent !important;\"><bdt class=\"block-container forloop\" data-type=\"forloop\" style=\"box-sizing: inherit; color: rgb(89, 89, 89) !important; background: transparent !important; font-size: 14px !important;\"><bdt class=\"for-end-in-editor\" data-type=\"close\" style=\"box-sizing: inherit; color: rgb(89, 89, 89) !important; background: transparent !important;\"></bdt></bdt><bdt class=\"block-container forloop\" data-type=\"forloop\" id=\"a6e21b8e-b955-c546-15dd-bb6eda2fe88a\" style=\"box-sizing: inherit; color: rgb(89, 89, 89) !important; background: transparent !important; font-size: 14px !important;\"><bdt data-type=\"conditional-block\" style=\"box-sizing: inherit; color: rgb(89, 89, 89) !important; background: transparent !important;\"><bdt data-type=\"body\" style=\"box-sizing: inherit; color: rgb(89, 89, 89) !important; background: transparent !important;\"><span style=\"box-sizing: inherit; text-indent: -24.7333px; color: rgb(89, 89, 89) !important; background: transparent !important;\">- &nbsp;Nogod</span></bdt></bdt></bdt></span></div><div class=\"MsoNormal\" data-custom-class=\"body_text\" style=\"box-sizing: inherit; margin-left: 46.9pt; text-indent: -18.55pt; line-height: 1.5; text-align: left; color: rgb(89, 89, 89) !important; background: transparent !important; font-size: 14px !important; font-family: Arial !important;\"><span style=\"box-sizing: inherit; color: rgb(89, 89, 89); font-size: 15px; line-height: 16.8667px; background: transparent !important;\"><bdt class=\"block-container forloop\" data-type=\"forloop\" style=\"box-sizing: inherit; color: rgb(89, 89, 89) !important; background: transparent !important; font-size: 14px !important;\"><bdt class=\"for-end-in-editor\" data-type=\"close\" style=\"box-sizing: inherit; color: rgb(89, 89, 89) !important; background: transparent !important;\"></bdt></bdt><bdt class=\"block-container forloop\" data-type=\"forloop\" id=\"a6e21b8e-b955-c546-15dd-bb6eda2fe88a\" style=\"box-sizing: inherit; color: rgb(89, 89, 89) !important; background: transparent !important; font-size: 14px !important;\"><bdt data-type=\"conditional-block\" style=\"box-sizing: inherit; color: rgb(89, 89, 89) !important; background: transparent !important;\"><bdt data-type=\"body\" style=\"box-sizing: inherit; color: rgb(89, 89, 89) !important; background: transparent !important;\"><span style=\"box-sizing: inherit; text-indent: -24.7333px; color: rgb(89, 89, 89) !important; background: transparent !important;\"><font style=\"box-sizing: inherit; vertical-align: inherit;\"><font style=\"box-sizing: inherit; vertical-align: inherit;\">- রকেট</font></font></span></bdt></bdt></bdt></span></div><div class=\"MsoNormal\" data-custom-class=\"body_text\" style=\"box-sizing: inherit; margin-left: 46.9pt; text-indent: -18.55pt; line-height: 1.5; text-align: left; color: rgb(89, 89, 89) !important; background: transparent !important; font-size: 14px !important; font-family: Arial !important;\"><span style=\"box-sizing: inherit; color: rgb(89, 89, 89); font-size: 15px; line-height: 16.8667px; background: transparent !important;\"><bdt class=\"block-container forloop\" data-type=\"forloop\" style=\"box-sizing: inherit; color: rgb(89, 89, 89) !important; background: transparent !important; font-size: 14px !important;\"><bdt class=\"for-end-in-editor\" data-type=\"close\" style=\"box-sizing: inherit; color: rgb(89, 89, 89) !important; background: transparent !important;\"></bdt></bdt></span></div></div><span style=\"box-sizing: inherit; color: rgb(89, 89, 89); font-size: 11pt; line-height: 16.8667px; font-family: Arial; background: transparent !important;\"><div class=\"MsoNormal\" style=\"box-sizing: inherit; line-height: 1; text-align: left; background: transparent !important;\"><br style=\"box-sizing: inherit; background: transparent !important;\"></div></span><span style=\"box-sizing: inherit; color: rgb(89, 89, 89); font-size: 15px; line-height: 17.25px; font-family: Arial; background: transparent !important;\"><div class=\"MsoNormal\" data-custom-class=\"body_text\" style=\"box-sizing: inherit; line-height: 1.5; text-align: left; color: rgb(89, 89, 89) !important; background: transparent !important; font-size: 14px !important;\"><span style=\"box-sizing: inherit; color: rgb(89, 89, 89); line-height: 16.1px; background: transparent !important;\"><font style=\"box-sizing: inherit; vertical-align: inherit;\"><font style=\"box-sizing: inherit; vertical-align: inherit;\">আমাদের কিছু পরিষেবা অ্যাক্সেস করার জন্য আপনাকে ক্রয় বা ফি দিতে হতে পারে।&nbsp;</font><font style=\"box-sizing: inherit; vertical-align: inherit;\">আপনি সাইটের মাধ্যমে করা সমস্ত কেনাকাটার জন্য বর্তমান, সম্পূর্ণ, এবং সঠিক ক্রয় এবং অ্যাকাউন্টের তথ্য প্রদান করতে সম্মত হন।&nbsp;</font><font style=\"box-sizing: inherit; vertical-align: inherit;\">আপনি ইমেল ঠিকানা, অর্থপ্রদানের পদ্ধতি এবং পেমেন্ট কার্ডের মেয়াদ শেষ হওয়ার তারিখ সহ অ্যাকাউন্ট এবং অর্থপ্রদানের তথ্য অবিলম্বে আপডেট করতে সম্মত হন, যাতে আমরা আপনার লেনদেন সম্পূর্ণ করতে পারি এবং প্রয়োজনে আপনার সাথে যোগাযোগ করতে পারি।&nbsp;</font><font style=\"box-sizing: inherit; vertical-align: inherit;\">সাইটের মাধ্যমে করা কেনাকাটার জন্য আমরা আপনাকে একটি অনলাইন বিলিং অ্যাকাউন্টের মাধ্যমে বিল দিই।&nbsp;</font><font style=\"box-sizing: inherit; vertical-align: inherit;\">বিক্রয় কর আমাদের দ্বারা প্রয়োজনীয় হিসাবে বিবেচিত ক্রয়ের মূল্যের সাথে যোগ করা হবে।&nbsp;</font><font style=\"box-sizing: inherit; vertical-align: inherit;\">আমরা যেকোনো সময় দাম পরিবর্তন করতে পারি।&nbsp;</font><font style=\"box-sizing: inherit; vertical-align: inherit;\">সমস্ত পেমেন্ট হতে হবে&nbsp;</font></font><bdt class=\"question\" style=\"box-sizing: inherit; color: rgb(89, 89, 89) !important; background: transparent !important;\"><font style=\"box-sizing: inherit; vertical-align: inherit;\"><font style=\"box-sizing: inherit; vertical-align: inherit;\">বিডিটি</font></font></bdt><font style=\"box-sizing: inherit; vertical-align: inherit;\"><font style=\"box-sizing: inherit; vertical-align: inherit;\">.</font></font></span></div></span><span style=\"box-sizing: inherit; line-height: 16.8667px; background: transparent !important;\"><div class=\"MsoNormal\" style=\"box-sizing: inherit; color: rgb(89, 89, 89); font-family: Arial; font-size: 11pt; line-height: 1; text-align: left; background: transparent !important;\"><br style=\"box-sizing: inherit; background: transparent !important;\"></div><div class=\"MsoNormal\" data-custom-class=\"body_text\" style=\"box-sizing: inherit; font-family: Arial; line-height: 1.5; text-align: left; color: rgb(89, 89, 89) !important; font-size: 14px !important; background: transparent !important;\"><span style=\"box-sizing: inherit; color: rgb(89, 89, 89); font-size: 15px; line-height: 16.1px; background: transparent !important;\"><font style=\"box-sizing: inherit; vertical-align: inherit;\"><font style=\"box-sizing: inherit; vertical-align: inherit;\">আপনি আপনার কেনাকাটার জন্য কার্যকর মূল্যে সমস্ত চার্জ বা ফি দিতে সম্মত হন এবং আপনি আমাদেরকে আপনার কেনাকাটা করার পরে আপনার নির্বাচিত অর্থপ্রদান প্রদানকারীকে এই ধরনের যেকোনো পরিমাণের জন্য চার্জ করার অনুমোদন দেন।&nbsp;</font></font><bdt class=\"block-container if\" data-type=\"if\" id=\"2955e4e9-b2fc-b1ce-6d2e-99ed4a0c390d\" style=\"box-sizing: inherit; color: rgb(89, 89, 89) !important; background: transparent !important; font-size: 14px !important;\"><bdt data-type=\"conditional-block\" style=\"box-sizing: inherit; color: rgb(89, 89, 89) !important; background: transparent !important;\"><bdt class=\"block-component\" data-record-question-key=\"recurring_charge_option\" data-type=\"statement\" style=\"box-sizing: inherit; color: rgb(89, 89, 89) !important; background: transparent !important;\"></bdt></bdt></bdt><bdt class=\"block-container if\" data-type=\"if\" id=\"2955e4e9-b2fc-b1ce-6d2e-99ed4a0c390d\" style=\"box-sizing: inherit; color: rgb(89, 89, 89) !important; background: transparent !important; font-size: 14px !important;\"><bdt data-type=\"conditional-block\" style=\"box-sizing: inherit; color: rgb(89, 89, 89) !important; background: transparent !important;\"><bdt data-type=\"body\" style=\"box-sizing: inherit; color: rgb(89, 89, 89) !important; background: transparent !important;\"><font style=\"box-sizing: inherit; vertical-align: inherit;\"><font style=\"box-sizing: inherit; vertical-align: inherit;\">যদি&nbsp;</font></font></bdt></bdt></bdt><bdt class=\"block-container if\" data-type=\"if\" id=\"2955e4e9-b2fc-b1ce-6d2e-99ed4a0c390d\" style=\"box-sizing: inherit; color: rgb(89, 89, 89) !important; background: transparent !important; font-size: 14px !important;\"><bdt data-type=\"conditional-block\" style=\"box-sizing: inherit; color: rgb(89, 89, 89) !important; background: transparent !important;\"><bdt data-type=\"body\" style=\"box-sizing: inherit; color: rgb(89, 89, 89) !important; background: transparent !important;\"><font style=\"box-sizing: inherit; vertical-align: inherit;\"><font style=\"box-sizing: inherit; vertical-align: inherit;\">আপনার কেনাকাটা পুনরাবৃত্ত চার্জের সাপেক্ষে, তারপর আপনি আপনার বাতিলের বিষয়ে আমাদের অবহিত না করা পর্যন্ত প্রতিটি পুনরাবৃত্ত চার্জের জন্য আপনার পূর্বানুমোদনের প্রয়োজন ছাড়াই আপনার অর্থপ্রদানের পদ্ধতিকে পুনরাবৃত্ত ভিত্তিতে চার্জ করতে সম্মত হন।</font></font></bdt></bdt></bdt><bdt class=\"block-container if\" data-type=\"if\" id=\"2955e4e9-b2fc-b1ce-6d2e-99ed4a0c390d\" style=\"box-sizing: inherit; color: rgb(89, 89, 89) !important; background: transparent !important; font-size: 14px !important;\"><bdt class=\"statement-end-if-in-editor\" data-type=\"close\" style=\"box-sizing: inherit; color: rgb(89, 89, 89) !important; background: transparent !important;\"></bdt></bdt></span></div><div style=\"box-sizing: inherit; text-align: left;\"><font face=\"Arial\" style=\"box-sizing: inherit;\"><span style=\"box-sizing: inherit; font-size: 14.6667px;\"><br style=\"box-sizing: inherit;\"></span></font></div></span><span style=\"box-sizing: inherit; color: rgb(89, 89, 89); font-size: 15px; line-height: 17.25px; font-family: Arial; background: transparent !important;\"><div class=\"MsoNormal\" data-custom-class=\"body_text\" style=\"box-sizing: inherit; line-height: 1.5; text-align: left; color: rgb(89, 89, 89) !important; background: transparent !important; font-size: 14px !important;\"><span style=\"box-sizing: inherit; color: rgb(89, 89, 89); line-height: 16.1px; background: transparent !important;\"><font style=\"box-sizing: inherit; vertical-align: inherit;\"><font style=\"box-sizing: inherit; vertical-align: inherit;\">আমরা মূল্য নির্ধারণে কোনো ত্রুটি বা ভুল সংশোধন করার অধিকার সংরক্ষণ করি, এমনকি যদি আমরা ইতিমধ্যেই অর্থপ্রদানের অনুরোধ করেছি বা পেয়েছি।&nbsp;</font><font style=\"box-sizing: inherit; vertical-align: inherit;\">আমরা সাইটের মাধ্যমে প্রদত্ত কোনো আদেশ প্রত্যাখ্যান করার অধিকারও সংরক্ষণ করি।</font></font></span></div></span></div><div class=\"MsoNormal\" style=\"font-size: 20px; box-sizing: inherit; text-align: left; line-height: 1.5; background: transparent !important;\"><br style=\"box-sizing: inherit; background: transparent !important;\"></div><div class=\"MsoNormal\" style=\"font-size: 20px; box-sizing: inherit; text-align: justify; line-height: 1; background: transparent !important;\"><div class=\"MsoNormal\" style=\"box-sizing: inherit; line-height: 1.5; text-align: left; background: transparent !important;\"><a name=\"_drzjqilz2ujm\" style=\"box-sizing: inherit; color: rgb(83, 95, 215); transition: color 0.25s ease 0s; text-decoration: none !important; background-image: initial !important; background-position: initial !important; background-size: initial !important; background-repeat: initial !important; background-attachment: initial !important; background-origin: initial !important; background-clip: initial !important;\"></a></div><bdt class=\"block-container if\" data-type=\"if\" id=\"4380167d-5abe-b98f-f389-f707429e6c52\" style=\"box-sizing: inherit; background: transparent !important;\"><bdt data-type=\"conditional-block\" style=\"box-sizing: inherit; background: transparent !important;\"><bdt class=\"block-component\" data-record-question-key=\"free_trial_option\" data-type=\"statement\" style=\"box-sizing: inherit; background: transparent !important;\"></bdt></bdt><div class=\"MsoNormal\" data-custom-class=\"heading_1\" id=\"cancel\" style=\"box-sizing: inherit; text-align: left; line-height: 1.5; background: transparent !important; font-family: Arial !important; font-size: 19px !important;\"><a name=\"_e993diqrk0qx\" style=\"box-sizing: inherit; transition: color 0.25s ease 0s; color: rgb(0, 0, 0) !important; text-decoration: none !important; font-family: Arial !important; background-image: initial !important; background-position: initial !important; background-size: initial !important; background-repeat: initial !important; background-attachment: initial !important; background-origin: initial !important; background-clip: initial !important;\"></a><span style=\"box-sizing: inherit; font-weight: 600; background: transparent !important;\"><span style=\"box-sizing: inherit; line-height: 21.85px; background: transparent !important;\"><font style=\"box-sizing: inherit; vertical-align: inherit;\"><font style=\"box-sizing: inherit; vertical-align: inherit;\">বাতিলকরণ</font></font></span></span></div></bdt></div><div class=\"MsoNormal\" style=\"font-size: 20px; box-sizing: inherit; text-align: justify; line-height: 1.5; background: transparent !important;\"><div class=\"MsoNormal\" data-custom-class=\"body_text\" style=\"box-sizing: inherit; line-height: 1.5; text-align: left; color: rgb(89, 89, 89) !important; background: transparent !important; font-size: 14px !important; font-family: Arial !important;\"><span style=\"box-sizing: inherit; color: rgb(89, 89, 89); font-size: 15px; line-height: 16.1px; background: transparent !important;\"><bdt class=\"block-container if\" data-type=\"if\" id=\"cef55cf6-3a65-8031-d0c3-cffe36e64f10\" style=\"box-sizing: inherit; color: rgb(89, 89, 89) !important; background: transparent !important; font-size: 14px !important;\"><bdt data-type=\"conditional-block\" style=\"box-sizing: inherit; color: rgb(89, 89, 89) !important; background: transparent !important;\"><bdt class=\"block-component\" data-record-question-key=\"return_option\" data-type=\"statement\" style=\"box-sizing: inherit; color: rgb(89, 89, 89) !important; background: transparent !important;\"></bdt></bdt></bdt><bdt class=\"block-container if\" data-type=\"if\" id=\"cef55cf6-3a65-8031-d0c3-cffe36e64f10\" style=\"box-sizing: inherit; color: rgb(89, 89, 89) !important; background: transparent !important; font-size: 14px !important;\"><bdt data-type=\"conditional-block\" style=\"box-sizing: inherit; color: rgb(89, 89, 89) !important; background: transparent !important;\"><bdt data-type=\"body\" style=\"box-sizing: inherit; color: rgb(89, 89, 89) !important; background: transparent !important;\"><font style=\"box-sizing: inherit; vertical-align: inherit;\"><font style=\"box-sizing: inherit; vertical-align: inherit;\">সমস্ত ক্রয় অ ফেরতযোগ্য.</font></font></bdt></bdt></bdt><bdt class=\"block-container if\" data-type=\"if\" id=\"cef55cf6-3a65-8031-d0c3-cffe36e64f10\" style=\"box-sizing: inherit; color: rgb(89, 89, 89) !important; background: transparent !important; font-size: 14px !important;\"><bdt data-type=\"conditional-block\" style=\"box-sizing: inherit; color: rgb(89, 89, 89) !important; background: transparent !important;\"><bdt data-type=\"body\" style=\"box-sizing: inherit; color: rgb(89, 89, 89) !important; background: transparent !important;\">&nbsp;</bdt></bdt></bdt><bdt class=\"block-container if\" data-type=\"if\" id=\"cef55cf6-3a65-8031-d0c3-cffe36e64f10\" style=\"box-sizing: inherit; color: rgb(89, 89, 89) !important; background: transparent !important; font-size: 14px !important;\"><bdt class=\"statement-end-if-in-editor\" data-type=\"close\" style=\"box-sizing: inherit; color: rgb(89, 89, 89) !important; background: transparent !important;\"></bdt></bdt><font style=\"box-sizing: inherit; vertical-align: inherit;\"><font style=\"box-sizing: inherit; vertical-align: inherit;\">আপনি যেকোনো সময় আপনার সদস্যতা বাতিল করতে পারেন</font></font></span><span style=\"box-sizing: inherit; color: rgb(89, 89, 89); font-size: 11pt; line-height: 16.1px; background: transparent !important;\">&nbsp;</span><span style=\"box-sizing: inherit; color: rgb(89, 89, 89); font-size: 15px; line-height: 16.1px; background: transparent !important;\"><bdt class=\"block-container if\" data-type=\"if\" id=\"1a40a488-252c-f087-02cc-5e0de451aa88\" style=\"box-sizing: inherit; color: rgb(89, 89, 89) !important; background: transparent !important; font-size: 14px !important;\"><bdt data-type=\"conditional-block\" style=\"box-sizing: inherit; color: rgb(89, 89, 89) !important; background: transparent !important;\"><bdt class=\"block-component\" data-record-question-key=\"cancel_how\" data-type=\"statement\" style=\"box-sizing: inherit; color: rgb(89, 89, 89) !important; background: transparent !important;\"></bdt></bdt></bdt><bdt class=\"block-container if\" data-type=\"if\" id=\"1a40a488-252c-f087-02cc-5e0de451aa88\" style=\"box-sizing: inherit; color: rgb(89, 89, 89) !important; background: transparent !important; font-size: 14px !important;\"><bdt data-type=\"conditional-block\" style=\"box-sizing: inherit; color: rgb(89, 89, 89) !important; background: transparent !important;\"><bdt data-type=\"body\" style=\"box-sizing: inherit; color: rgb(89, 89, 89) !important; background: transparent !important;\"><font style=\"box-sizing: inherit; vertical-align: inherit;\"><font style=\"box-sizing: inherit; vertical-align: inherit;\">যোগাযোগ ব্যবহার করে আমাদের সাথে যোগাযোগ করে</font></font></bdt></bdt></bdt></span><span style=\"box-sizing: inherit; color: rgb(89, 89, 89); font-size: 11pt; line-height: 16.1px; background: transparent !important;\"><bdt class=\"block-container if\" data-type=\"if\" id=\"1a40a488-252c-f087-02cc-5e0de451aa88\" style=\"box-sizing: inherit; color: rgb(89, 89, 89) !important; background: transparent !important; font-size: 14px !important;\">&nbsp;</bdt></span><span style=\"box-sizing: inherit; color: rgb(89, 89, 89); font-size: 15px; line-height: 16.1px; background: transparent !important;\"><bdt class=\"block-container if\" data-type=\"if\" id=\"1a40a488-252c-f087-02cc-5e0de451aa88\" style=\"box-sizing: inherit; color: rgb(89, 89, 89) !important; background: transparent !important; font-size: 14px !important;\"><bdt data-type=\"conditional-block\" style=\"box-sizing: inherit; color: rgb(89, 89, 89) !important; background: transparent !important;\"><bdt data-type=\"body\" style=\"box-sizing: inherit; color: rgb(89, 89, 89) !important; background: transparent !important;\"><font style=\"box-sizing: inherit; vertical-align: inherit;\"><font style=\"box-sizing: inherit; vertical-align: inherit;\">নীচে দেওয়া তথ্য</font></font></bdt></bdt></bdt><bdt class=\"block-container if\" data-type=\"if\" id=\"1a40a488-252c-f087-02cc-5e0de451aa88\" style=\"box-sizing: inherit; color: rgb(89, 89, 89) !important; background: transparent !important; font-size: 14px !important;\"><bdt data-type=\"conditional-block\" style=\"box-sizing: inherit; color: rgb(89, 89, 89) !important; background: transparent !important;\"><bdt class=\"block-component\" data-record-question-key=\"cancel_how\" data-type=\"statement\" style=\"box-sizing: inherit; color: rgb(89, 89, 89) !important; background: transparent !important;\"></bdt></bdt><font style=\"box-sizing: inherit; vertical-align: inherit;\"><font style=\"box-sizing: inherit; vertical-align: inherit;\">.&nbsp;</font><font style=\"box-sizing: inherit; vertical-align: inherit;\">বর্তমান অর্থপ্রদানের মেয়াদ শেষে আপনার বাতিলকরণ কার্যকর হবে।</font></font></bdt></span></div></div><div class=\"MsoNormal\" style=\"box-sizing: inherit; text-align: justify; line-height: 1.5; background: transparent !important;\"><div class=\"MsoNormal\" data-custom-class=\"body_text\" style=\"box-sizing: inherit; line-height: 1.5; text-align: left; color: rgb(89, 89, 89) !important; background: transparent !important; font-family: Arial !important;\"><span style=\"box-sizing: inherit; color: rgb(89, 89, 89); line-height: 16.1px; background: transparent !important;\"><font style=\"box-sizing: inherit; vertical-align: inherit;\"><font style=\"box-sizing: inherit; vertical-align: inherit;\"><span style=\"font-size: 15px;\">আপনি যদি আমাদের পরিষেবাগুলির সাথে অসন্তুষ্ট হন তবে দয়া করে আমাদের এখানে ইমেল করুন৷&nbsp;</span><span style=\"font-size: 14px;\">&nbsp;example@gmail.com</span></font></font></span></div></div></div><div align=\"center\" style=\"font-size: 20px; box-sizing: inherit; line-height: 1.5; background: transparent !important;\"><br></div><div align=\"center\" style=\"font-size: 20px; box-sizing: inherit; line-height: 1; background: transparent !important;\"><bdt class=\"block-container if\" data-type=\"if\" style=\"box-sizing: inherit; background: transparent !important;\"><bdt data-type=\"conditional-block\" style=\"box-sizing: inherit; background: transparent !important;\"><bdt data-type=\"body\" style=\"box-sizing: inherit; background: transparent !important;\"><div class=\"MsoNormal\" data-custom-class=\"heading_1\" id=\"license\" style=\"box-sizing: inherit; text-align: left; line-height: 1.5; background: transparent !important; font-family: Arial !important; font-size: 19px !important;\"><span style=\"box-sizing: inherit; font-weight: 600; background: transparent !important;\"><span style=\"box-sizing: inherit; line-height: 21.85px; background: transparent !important;\">কন্ট্রিবিউশন লাইসেন্স</span></span></div></bdt></bdt></bdt></div><div align=\"center\" style=\"font-size: 20px; box-sizing: inherit; line-height: 1; background: transparent !important;\"><br style=\"box-sizing: inherit; background: transparent !important;\"></div><div align=\"center\" style=\"font-size: 20px; box-sizing: inherit; line-height: 1; background: transparent !important;\"><bdt class=\"block-container if\" data-type=\"if\" style=\"box-sizing: inherit; background: transparent !important;\"><bdt data-type=\"conditional-block\" style=\"box-sizing: inherit; background: transparent !important;\"><bdt data-type=\"body\" style=\"box-sizing: inherit; background: transparent !important;\"><div class=\"MsoNormal\" data-custom-class=\"body_text\" style=\"box-sizing: inherit; text-align: left; line-height: 1.5; color: rgb(89, 89, 89) !important; background: transparent !important; font-size: 14px !important; font-family: Arial !important;\"><span style=\"box-sizing: inherit; color: rgb(89, 89, 89); font-size: 15px; line-height: 16.1px; background: transparent !important;\"><bdt class=\"block-container if\" data-type=\"if\" id=\"a088ddfb-d8c1-9e58-6f21-958c3f4f0709\" style=\"box-sizing: inherit; color: rgb(89, 89, 89) !important; background: transparent !important; font-size: 14px !important;\"><bdt data-type=\"conditional-block\" style=\"box-sizing: inherit; color: rgb(89, 89, 89) !important; background: transparent !important;\"><bdt class=\"block-component\" data-record-question-key=\"user_post_content_option\" data-type=\"statement\" style=\"box-sizing: inherit; color: rgb(89, 89, 89) !important; background: transparent !important;\"></bdt></bdt></bdt><font style=\"box-sizing: inherit; vertical-align: inherit;\"><font style=\"box-sizing: inherit; vertical-align: inherit;\">সাইটের যেকোনো অংশে আপনার অবদান পোস্ট করে</font></font><bdt class=\"block-container if\" data-type=\"if\" id=\"19652acc-9a2a-5ffe-6189-9474402fa6cc\" style=\"box-sizing: inherit; color: rgb(89, 89, 89) !important; background: transparent !important; font-size: 14px !important;\"><bdt data-type=\"conditional-block\" style=\"box-sizing: inherit; color: rgb(89, 89, 89) !important; background: transparent !important;\"><bdt class=\"block-component\" data-record-question-key=\"socialnetwork_link_option\" data-type=\"statement\" style=\"box-sizing: inherit; color: rgb(89, 89, 89) !important; background: transparent !important;\"></bdt></bdt><font style=\"box-sizing: inherit; vertical-align: inherit;\"><font style=\"box-sizing: inherit; vertical-align: inherit;\">, আপনি স্বয়ংক্রিয়ভাবে মঞ্জুর করেন, এবং আপনি প্রতিনিধিত্ব করেন এবং ওয়ারেন্টি দেন যে আপনার কাছে একটি সীমাহীন, সীমাহীন, অপরিবর্তনীয়, চিরস্থায়ী, অ-একচেটিয়া, হস্তান্তরযোগ্য, রয়্যালটি-মুক্ত, সম্পূর্ণ অর্থপ্রদান, বিশ্বব্যাপী অধিকার এবং হোস্ট করার লাইসেন্স দেওয়ার অধিকার রয়েছে। , ব্যবহার, অনুলিপি, পুনরুত্পাদন, প্রকাশ, বিক্রয়, পুনঃবিক্রয়, প্রকাশ, সম্প্রচার, রিটাইটেল, সংরক্ষণাগার, সঞ্চয়, ক্যাশে, সর্বজনীনভাবে সঞ্চালন, সর্বজনীনভাবে প্রদর্শন, পুনর্বিন্যাস, অনুবাদ, প্রেরণ, উদ্ধৃতি (সম্পূর্ণ বা আংশিক) এবং এই জাতীয় অবদান বিতরণ (সীমা ছাড়াই, আপনার ছবি এবং ভয়েস সহ) যেকোন উদ্দেশ্যে, বাণিজ্যিক, বিজ্ঞাপন, বা অন্যথায়, এবং এই ধরনের অবদানের ডেরিভেটিভ কাজগুলি প্রস্তুত করতে, বা অন্যান্য কাজের মধ্যে অন্তর্ভুক্ত করতে এবং পূর্বোক্তগুলির সাবলাইসেন্স মঞ্জুর এবং অনুমোদন করতে৷&nbsp;</font><font style=\"box-sizing: inherit; vertical-align: inherit;\">ব্যবহার এবং বিতরণ যেকোনো মিডিয়া ফরম্যাটে এবং যেকোনো মিডিয়া চ্যানেলের মাধ্যমে ঘটতে পারে।</font></font></bdt></span></div></bdt></bdt></bdt></div><div align=\"center\" style=\"font-size: 20px; box-sizing: inherit; line-height: 1; background: transparent !important;\"><br style=\"box-sizing: inherit; background: transparent !important;\"></div><div align=\"center\" style=\"font-size: 20px; box-sizing: inherit; line-height: 1; background: transparent !important;\"><bdt class=\"block-container if\" data-type=\"if\" style=\"box-sizing: inherit; background: transparent !important;\"><bdt data-type=\"conditional-block\" style=\"box-sizing: inherit; background: transparent !important;\"><bdt data-type=\"body\" style=\"box-sizing: inherit; background: transparent !important;\"><div class=\"MsoNormal\" data-custom-class=\"body_text\" style=\"box-sizing: inherit; text-align: left; line-height: 1.5; color: rgb(89, 89, 89) !important; background: transparent !important; font-size: 14px !important; font-family: Arial !important;\"><span style=\"box-sizing: inherit; font-size: 15px; color: rgb(89, 89, 89) !important; background: transparent !important;\"><span style=\"box-sizing: inherit; color: rgb(89, 89, 89); line-height: 16.1px; background: transparent !important; font-size: 14px !important;\"><font style=\"box-sizing: inherit; vertical-align: inherit;\"><font style=\"box-sizing: inherit; vertical-align: inherit;\">এই লাইসেন্সটি এখন পরিচিত বা পরবর্তীতে বিকশিত যেকোন ফর্ম, মিডিয়া বা প্রযুক্তিতে প্রযোজ্য হবে এবং এতে আমাদের আপনার নাম, কোম্পানির নাম এবং ফ্র্যাঞ্চাইজির নাম, প্রযোজ্য হিসাবে, এবং ট্রেডমার্ক, পরিষেবা চিহ্ন, ট্রেড নাম, লোগো, এবং আপনার দেওয়া ব্যক্তিগত এবং বাণিজ্যিক ছবি।&nbsp;</font><font style=\"box-sizing: inherit; vertical-align: inherit;\">আপনি আপনার অবদানগুলিতে সমস্ত নৈতিক অধিকার পরিত্যাগ করেন এবং আপনি নিশ্চিত করেন যে আপনার অবদানগুলিতে নৈতিক অধিকারগুলি অন্যথায় জোর দেওয়া হয়নি৷&nbsp;</font></font></span></span></div></bdt></bdt></bdt></div><div align=\"center\" style=\"font-size: 20px; box-sizing: inherit; line-height: 1; background: transparent !important;\"><br style=\"box-sizing: inherit; background: transparent !important;\"></div><div align=\"center\" style=\"font-size: 20px; box-sizing: inherit; line-height: 1; background: transparent !important;\"><bdt class=\"block-container if\" data-type=\"if\" style=\"box-sizing: inherit; background: transparent !important;\"><bdt data-type=\"conditional-block\" style=\"box-sizing: inherit; background: transparent !important;\"><bdt data-type=\"body\" style=\"box-sizing: inherit; background: transparent !important;\"><div class=\"MsoNormal\" data-custom-class=\"body_text\" style=\"box-sizing: inherit; text-align: left; line-height: 1.5; color: rgb(89, 89, 89) !important; background: transparent !important; font-size: 14px !important; font-family: Arial !important;\"><span style=\"box-sizing: inherit; font-size: 15px; color: rgb(89, 89, 89) !important; background: transparent !important;\"><span style=\"box-sizing: inherit; color: rgb(89, 89, 89); line-height: 16.1px; background: transparent !important; font-size: 14px !important;\"><font style=\"box-sizing: inherit; vertical-align: inherit;\"><font style=\"box-sizing: inherit; vertical-align: inherit;\">আমরা আপনার অবদানের উপর কোন মালিকানা জাহির করি না।&nbsp;</font><font style=\"box-sizing: inherit; vertical-align: inherit;\">আপনি আপনার সমস্ত অবদানের সম্পূর্ণ মালিকানা এবং আপনার অবদানগুলির সাথে সম্পর্কিত যেকোন বুদ্ধিবৃত্তিক সম্পত্তির অধিকার বা অন্যান্য মালিকানা অধিকার রাখেন৷&nbsp;</font><font style=\"box-sizing: inherit; vertical-align: inherit;\">সাইটের যেকোন ক্ষেত্রে আপনার দ্বারা প্রদত্ত আপনার অবদানের কোনো বিবৃতি বা প্রতিনিধিত্বের জন্য আমরা দায়ী নই।&nbsp;</font><font style=\"box-sizing: inherit; vertical-align: inherit;\">আপনি সাইটে আপনার অবদানের জন্য সম্পূর্ণরূপে দায়ী এবং আপনি স্পষ্টভাবে আমাদের যে কোনো এবং সমস্ত দায়িত্ব থেকে অব্যাহতি দিতে এবং আপনার অবদান সম্পর্কে আমাদের বিরুদ্ধে কোনো আইনি পদক্ষেপ থেকে বিরত থাকতে সম্মত হন।</font></font></span></span></div></bdt></bdt></bdt></div><div align=\"center\" style=\"font-size: 20px; box-sizing: inherit; line-height: 1; background: transparent !important;\"><br style=\"box-sizing: inherit; background: transparent !important;\"></div><div align=\"center\" style=\"font-size: 20px; box-sizing: inherit; line-height: 1; background: transparent !important;\"><bdt class=\"block-container if\" data-type=\"if\" style=\"box-sizing: inherit; background: transparent !important;\"><bdt data-type=\"conditional-block\" style=\"box-sizing: inherit; background: transparent !important;\"><bdt data-type=\"body\" style=\"box-sizing: inherit; background: transparent !important;\"><div class=\"MsoNormal\" data-custom-class=\"body_text\" style=\"box-sizing: inherit; text-align: left; line-height: 1.5; color: rgb(89, 89, 89) !important; background: transparent !important; font-size: 14px !important; font-family: Arial !important;\"><span style=\"box-sizing: inherit; color: rgb(89, 89, 89); font-size: 15px; line-height: 16.1px; background: transparent !important;\"><font style=\"box-sizing: inherit; vertical-align: inherit;\"><font style=\"box-sizing: inherit; vertical-align: inherit;\">আমাদের অধিকার আছে, আমাদের একমাত্র এবং পরম বিবেচনার ভিত্তিতে, (1) কোনো অবদান সম্পাদনা, সংশোধন বা অন্যথায় পরিবর্তন করার;&nbsp;</font><font style=\"box-sizing: inherit; vertical-align: inherit;\">(2) সাইটের আরও উপযুক্ত স্থানে স্থাপন করার জন্য যেকোনো অবদানকে পুনরায় শ্রেণীবদ্ধ করা;&nbsp;</font><font style=\"box-sizing: inherit; vertical-align: inherit;\">এবং (3) যেকোন সময় এবং যে কোন কারণে, নোটিশ ছাড়াই যেকোনও অবদানকে প্রাক-স্ক্রিন করা বা মুছে ফেলা।&nbsp;</font><font style=\"box-sizing: inherit; vertical-align: inherit;\">আপনার অবদানগুলি নিরীক্ষণ করার জন্য আমাদের কোন বাধ্যবাধকতা নেই।</font></font></span></div></bdt></bdt></bdt></div><div align=\"center\" style=\"font-size: 20px; box-sizing: inherit; line-height: 1.5; background: transparent !important;\"><br></div><div align=\"center\" style=\"font-size: 20px; box-sizing: inherit; line-height: 1.5; background: transparent !important;\"><div class=\"MsoNormal\" style=\"box-sizing: inherit; line-height: 1.5; background: transparent !important;\"><bdt class=\"block-container if\" data-type=\"if\" style=\"box-sizing: inherit; background: transparent !important;\"><bdt class=\"statement-end-if-in-editor\" data-type=\"close\" style=\"box-sizing: inherit; background: transparent !important;\"><span style=\"box-sizing: inherit; font-size: 15px; background: transparent !important;\"><bdt class=\"block-component\" style=\"box-sizing: inherit; background: transparent !important;\"></bdt></span></bdt></bdt></div></div><div class=\"MsoNormal\" data-custom-class=\"heading_1\" id=\"sitemanage\" style=\"font-size: 19px !important; box-sizing: inherit; line-height: 1.5; background: transparent !important; font-family: Arial !important;\"><a name=\"_wj13r09u8u3u\" style=\"box-sizing: inherit; transition: color 0.25s ease 0s; color: rgb(0, 0, 0) !important; text-decoration: none !important; font-family: Arial !important; background-image: initial !important; background-position: initial !important; background-size: initial !important; background-repeat: initial !important; background-attachment: initial !important; background-origin: initial !important; background-clip: initial !important;\"></a><span style=\"box-sizing: inherit; font-weight: 600; background: transparent !important;\"><span style=\"box-sizing: inherit; line-height: 21.85px; background: transparent !important;\">সাইট ম্যানেজমেন্ট</span></span></div></div><div align=\"center\" times=\"\" new=\"\" roman\";=\"\" font-size:=\"\" medium;=\"\" line-height:=\"\" 1.5;\"=\"\" style=\"font-size: 20px; box-sizing: inherit; color: rgb(107, 122, 144); font-family: Heebo, sans-serif;\"><div class=\"MsoNormal\" data-custom-class=\"body_text\" style=\"box-sizing: inherit; text-align: left; line-height: 1.5; color: rgb(89, 89, 89) !important; font-size: 14px !important; font-family: Arial !important;\"><span style=\"box-sizing: inherit; color: rgb(89, 89, 89); font-size: 15px; line-height: 16.1px;\"><font style=\"box-sizing: inherit; vertical-align: inherit;\"><font style=\"box-sizing: inherit; vertical-align: inherit;\">আমরা অধিকার সংরক্ষণ করি, কিন্তু বাধ্যবাধকতা নয়: (1) এইগুলির লঙ্ঘনের জন্য সাইট নিরীক্ষণ&nbsp;</font></font><bdt class=\"block-component\" style=\"box-sizing: inherit; color: rgb(89, 89, 89) !important; font-size: 14px !important;\"></bdt><bdt class=\"question\" style=\"box-sizing: inherit; color: rgb(89, 89, 89) !important; font-size: 14px !important;\"><font style=\"box-sizing: inherit; vertical-align: inherit;\"><font style=\"box-sizing: inherit; vertical-align: inherit;\">শর্তাবলী</font></font></bdt><bdt class=\"statement-end-if-in-editor\" style=\"box-sizing: inherit; color: rgb(89, 89, 89) !important; font-size: 14px !important;\"></bdt><font style=\"box-sizing: inherit; vertical-align: inherit;\"><font style=\"box-sizing: inherit; vertical-align: inherit;\">;&nbsp;</font><font style=\"box-sizing: inherit; vertical-align: inherit;\">(2) যে কেউ, আমাদের নিজস্ব বিবেচনার ভিত্তিতে, আইন বা এগুলি লঙ্ঘন করে তার বিরুদ্ধে যথাযথ আইনি ব্যবস্থা গ্রহণ করুন৷&nbsp;</font></font><bdt class=\"block-component\" style=\"box-sizing: inherit; color: rgb(89, 89, 89) !important; font-size: 14px !important;\"></bdt><bdt class=\"question\" style=\"box-sizing: inherit; color: rgb(89, 89, 89) !important; font-size: 14px !important;\"><font style=\"box-sizing: inherit; vertical-align: inherit;\"><font style=\"box-sizing: inherit; vertical-align: inherit;\">শর্তাবলী</font></font></bdt><bdt class=\"statement-end-if-in-editor\" style=\"box-sizing: inherit; color: rgb(89, 89, 89) !important; font-size: 14px !important;\"></bdt><font style=\"box-sizing: inherit; vertical-align: inherit;\"><font style=\"box-sizing: inherit; vertical-align: inherit;\">, সীমাবদ্ধতা ছাড়াই, আইন প্রয়োগকারী কর্তৃপক্ষের কাছে এই ধরনের ব্যবহারকারীর প্রতিবেদন করা সহ;&nbsp;</font><font style=\"box-sizing: inherit; vertical-align: inherit;\">(3) আমাদের নিজস্ব বিবেচনার ভিত্তিতে এবং সীমাবদ্ধতা ছাড়াই, আপনার অবদান বা এর যে কোনও অংশকে প্রত্যাখ্যান করুন, অ্যাক্সেস সীমাবদ্ধ করুন, এর প্রাপ্যতা সীমিত করুন বা অক্ষম করুন (প্রযুক্তিগতভাবে সম্ভাব্য পরিমাণে)&nbsp;</font><font style=\"box-sizing: inherit; vertical-align: inherit;\">(4) আমাদের নিজস্ব বিবেচনার ভিত্তিতে এবং সীমাবদ্ধতা, নোটিশ বা দায় ছাড়াই, সাইট থেকে অপসারণ করা বা অন্যথায় সমস্ত ফাইল এবং বিষয়বস্তু অক্ষম করা যা আকারে অত্যধিক বা আমাদের সিস্টেমের জন্য যে কোনও উপায়ে বোঝা;&nbsp;</font><font style=\"box-sizing: inherit; vertical-align: inherit;\">এবং (5) অন্যথায় আমাদের অধিকার এবং সম্পত্তি রক্ষা করতে এবং সাইটের সঠিক কার্যকারিতা সহজতর করার জন্য ডিজাইন করা পদ্ধতিতে সাইটটি পরিচালনা করুন।</font></font></span></div></div><div align=\"center\" times=\"\" new=\"\" roman\";=\"\" font-size:=\"\" medium;=\"\" line-height:=\"\" 1.5;\"=\"\" style=\"font-size: 20px; box-sizing: inherit; color: rgb(107, 122, 144); font-family: Heebo, sans-serif;\"><br style=\"box-sizing: inherit;\"></div><div align=\"center\" times=\"\" new=\"\" roman\";=\"\" font-size:=\"\" medium;=\"\" line-height:=\"\" 1;\"=\"\" style=\"font-size: 20px; box-sizing: inherit; color: rgb(107, 122, 144); font-family: Heebo, sans-serif;\"><bdt class=\"block-container if\" data-type=\"if\" style=\"box-sizing: inherit;\"><bdt class=\"block-component\" data-record-question-key=\"privacy_policy_option\" data-type=\"statement\" style=\"box-sizing: inherit;\"></bdt><bdt class=\"block-container if\" data-type=\"if\" id=\"7371467a-f2b5-2aff-cd0f-3379e970551e\" style=\"box-sizing: inherit;\"><bdt data-type=\"conditional-block\" style=\"box-sizing: inherit;\"><bdt class=\"block-component\" data-record-question-key=\"privacy_policy_followup\" data-type=\"statement\" style=\"box-sizing: inherit; font-size: 14.6667px;\"><bdt class=\"block-component\" style=\"box-sizing: inherit;\"><bdt class=\"block-component\" style=\"box-sizing: inherit;\"></bdt><bdt class=\"block-component\" style=\"box-sizing: inherit;\"><bdt class=\"block-container if\" data-type=\"if\" id=\"95e88984-ac54-be9d-35de-f10fd010af14\" style=\"box-sizing: inherit;\"><bdt class=\"statement-end-if-in-editor\" data-type=\"close\" style=\"box-sizing: inherit;\"><span style=\"box-sizing: inherit; font-size: 15px;\"></span></bdt></bdt></bdt></bdt></bdt></bdt></bdt></bdt></div><div align=\"center\" times=\"\" new=\"\" roman\";=\"\" font-size:=\"\" medium;=\"\" line-height:=\"\" 1.5;\"=\"\" style=\"font-size: 20px; box-sizing: inherit; color: rgb(107, 122, 144); font-family: Heebo, sans-serif;\"><div class=\"MsoNormal\" data-custom-class=\"heading_1\" id=\"terms\" style=\"box-sizing: inherit; text-align: left; line-height: 1.5; font-family: Arial !important; font-size: 19px !important;\"><a name=\"_k3mndam4w6w1\" style=\"box-sizing: inherit; transition: color 0.25s ease 0s; color: rgb(0, 0, 0) !important; text-decoration: none !important; font-family: Arial !important;\"></a><span style=\"box-sizing: inherit; font-weight: 600;\"><span style=\"box-sizing: inherit; line-height: 21.85px;\">মেয়াদ এবং সমাপ্তি</span></span></div></div><div align=\"center\" times=\"\" new=\"\" roman\";=\"\" font-size:=\"\" medium;=\"\" line-height:=\"\" 1.5;\"=\"\" style=\"font-size: 20px; box-sizing: inherit; color: rgb(107, 122, 144); font-family: Heebo, sans-serif;\"><div class=\"MsoNormal\" data-custom-class=\"body_text\" style=\"box-sizing: inherit; text-align: left; line-height: 1.5; color: rgb(89, 89, 89) !important; font-size: 14px !important; font-family: Arial !important;\"><span style=\"box-sizing: inherit; color: rgb(89, 89, 89); font-size: 15px; line-height: 16.1px;\"><font style=\"box-sizing: inherit; vertical-align: inherit;\"><font style=\"box-sizing: inherit; vertical-align: inherit;\">এইগুলো&nbsp;</font></font><bdt class=\"block-component\" style=\"box-sizing: inherit; color: rgb(89, 89, 89) !important; font-size: 14px !important;\"></bdt><bdt class=\"question\" style=\"box-sizing: inherit; color: rgb(89, 89, 89) !important; font-size: 14px !important;\"><font style=\"box-sizing: inherit; vertical-align: inherit;\"><font style=\"box-sizing: inherit; vertical-align: inherit;\">শর্তাবলী</font></font></bdt><bdt class=\"statement-end-if-in-editor\" style=\"box-sizing: inherit; color: rgb(89, 89, 89) !important; font-size: 14px !important;\"></bdt><font style=\"box-sizing: inherit; vertical-align: inherit;\"><font style=\"box-sizing: inherit; vertical-align: inherit;\">&nbsp;আপনি সাইটটি ব্যবহার করার সময় পূর্ণ শক্তি এবং প্রভাবে থাকবে।&nbsp;</font><font style=\"box-sizing: inherit; vertical-align: inherit;\">এগুলির অন্য কোনো বিধান সীমাবদ্ধ না করে&nbsp;</font></font><bdt class=\"block-component\" style=\"box-sizing: inherit; color: rgb(89, 89, 89) !important; font-size: 14px !important;\"></bdt><bdt class=\"question\" style=\"box-sizing: inherit; color: rgb(89, 89, 89) !important; font-size: 14px !important;\"><font style=\"box-sizing: inherit; vertical-align: inherit;\"><font style=\"box-sizing: inherit; vertical-align: inherit;\">শর্তাবলী</font></font></bdt><bdt class=\"statement-end-if-in-editor\" style=\"box-sizing: inherit; color: rgb(89, 89, 89) !important; font-size: 14px !important;\"></bdt><font style=\"box-sizing: inherit; vertical-align: inherit;\"><font style=\"box-sizing: inherit; vertical-align: inherit;\">, আমরা আমাদের নিজস্ব বিবেচনার ভিত্তিতে এবং নোটিশ বা দায়বদ্ধতা ব্যতিরেকে, যেকোন ব্যক্তিকে সুযোগ-সুবিধা প্রদানের জন্য, যেকোনও ব্যক্তিকে সুযোগ-সুবিধা প্রদানের জন্য (নির্দিষ্ট কিছু আইপি ঠিকানা ব্লক করা সহ) সাইটের অ্যাক্সেস এবং ব্যবহার অস্বীকার করার অধিকার সংরক্ষণ করি যেকোন প্রতিনিধিত্ব, ওয়্যারেন্টি, বা চুক্তি এইগুলির মধ্যে রয়েছে&nbsp;</font></font><bdt class=\"block-component\" style=\"box-sizing: inherit; color: rgb(89, 89, 89) !important; font-size: 14px !important;\"></bdt><bdt class=\"question\" style=\"box-sizing: inherit; color: rgb(89, 89, 89) !important; font-size: 14px !important;\"><font style=\"box-sizing: inherit; vertical-align: inherit;\"><font style=\"box-sizing: inherit; vertical-align: inherit;\">শর্তাবলী</font></font></bdt><bdt class=\"statement-end-if-in-editor\" style=\"box-sizing: inherit; color: rgb(89, 89, 89) !important; font-size: 14px !important;\"></bdt><font style=\"box-sizing: inherit; vertical-align: inherit;\"><font style=\"box-sizing: inherit; vertical-align: inherit;\">&nbsp;বা যে কোন প্রযোজ্য আইন বা প্রবিধান।&nbsp;</font><font style=\"box-sizing: inherit; vertical-align: inherit;\">আমরা সাইটটিতে আপনার ব্যবহার বা অংশগ্রহণ বন্ধ করে দিতে পারি বা মুছে দিতে পারি&nbsp;</font></font><bdt class=\"block-container if\" data-type=\"if\" id=\"a6e121c2-36b4-5066-bf9f-a0a33512e768\" style=\"box-sizing: inherit; color: rgb(89, 89, 89) !important; font-size: 14px !important;\"><bdt data-type=\"conditional-block\" style=\"box-sizing: inherit; color: rgb(89, 89, 89) !important;\"><bdt class=\"block-component\" data-record-question-key=\"user_account_option\" data-type=\"statement\" style=\"box-sizing: inherit; color: rgb(89, 89, 89) !important;\"></bdt></bdt></bdt><bdt class=\"block-container if\" data-type=\"if\" id=\"a6e121c2-36b4-5066-bf9f-a0a33512e768\" style=\"box-sizing: inherit; color: rgb(89, 89, 89) !important; font-size: 14px !important;\"><bdt data-type=\"conditional-block\" style=\"box-sizing: inherit; color: rgb(89, 89, 89) !important;\"><bdt data-type=\"body\" style=\"box-sizing: inherit; color: rgb(89, 89, 89) !important;\"><font style=\"box-sizing: inherit; vertical-align: inherit;\"><font style=\"box-sizing: inherit; vertical-align: inherit;\">তোমার</font></font></bdt></bdt></bdt></span><span style=\"box-sizing: inherit; color: rgb(89, 89, 89); font-size: 11pt; line-height: 16.1px;\"><bdt class=\"block-container if\" data-type=\"if\" id=\"a6e121c2-36b4-5066-bf9f-a0a33512e768\" style=\"box-sizing: inherit; color: rgb(89, 89, 89) !important; font-size: 14px !important;\">&nbsp;</bdt></span><span style=\"box-sizing: inherit; color: rgb(89, 89, 89); font-size: 15px; line-height: 16.1px;\"><bdt class=\"block-container if\" data-type=\"if\" id=\"a6e121c2-36b4-5066-bf9f-a0a33512e768\" style=\"box-sizing: inherit; color: rgb(89, 89, 89) !important; font-size: 14px !important;\"><bdt data-type=\"conditional-block\" style=\"box-sizing: inherit; color: rgb(89, 89, 89) !important;\"><bdt data-type=\"body\" style=\"box-sizing: inherit; color: rgb(89, 89, 89) !important;\"><font style=\"box-sizing: inherit; vertical-align: inherit;\"><font style=\"box-sizing: inherit; vertical-align: inherit;\">অ্যাকাউন্ট এবং&nbsp;</font></font></bdt></bdt></bdt><bdt class=\"block-container if\" data-type=\"if\" id=\"a6e121c2-36b4-5066-bf9f-a0a33512e768\" style=\"box-sizing: inherit; color: rgb(89, 89, 89) !important; font-size: 14px !important;\"><bdt class=\"statement-end-if-in-editor\" data-type=\"close\" style=\"box-sizing: inherit; color: rgb(89, 89, 89) !important;\"></bdt></bdt><font style=\"box-sizing: inherit; vertical-align: inherit;\"><font style=\"box-sizing: inherit; vertical-align: inherit;\">যে কোনো বিষয়বস্তু বা তথ্য যা আপনি যে কোনো সময়ে পোস্ট করেছেন, সতর্কতা ছাড়াই, আমাদের নিজস্ব বিবেচনার ভিত্তিতে।</font></font></span></div></div><div align=\"center\" times=\"\" new=\"\" roman\";=\"\" font-size:=\"\" medium;=\"\" line-height:=\"\" 1;\"=\"\" style=\"font-size: 20px; box-sizing: inherit; color: rgb(107, 122, 144); font-family: Heebo, sans-serif;\"><br style=\"box-sizing: inherit;\"></div><div align=\"center\" times=\"\" new=\"\" roman\";=\"\" font-size:=\"\" medium;=\"\" line-height:=\"\" 1.5;\"=\"\" style=\"font-size: 20px; box-sizing: inherit; color: rgb(107, 122, 144); font-family: Heebo, sans-serif;\"><div class=\"MsoNormal\" data-custom-class=\"body_text\" style=\"box-sizing: inherit; text-align: left; line-height: 1.5; color: rgb(89, 89, 89) !important; font-size: 14px !important; font-family: Arial !important;\"><span style=\"box-sizing: inherit; font-size: 15px; color: rgb(89, 89, 89) !important;\"><span style=\"box-sizing: inherit; color: rgb(89, 89, 89); line-height: 16.1px; font-size: 14px !important;\"><font style=\"box-sizing: inherit; vertical-align: inherit;\"><font style=\"box-sizing: inherit; vertical-align: inherit;\">যদি আমরা কোনো কারণে আপনার অ্যাকাউন্টটি বন্ধ বা স্থগিত করি, তাহলে আপনি আপনার নামে, একটি জাল বা ধার করা নাম, বা কোনো তৃতীয় পক্ষের নামে একটি নতুন অ্যাকাউন্ট নিবন্ধন এবং তৈরি করা থেকে নিষেধ করা হয়েছে, এমনকি আপনি তৃতীয় পক্ষের হয়ে কাজ করলেও পার্টি&nbsp;</font><font style=\"box-sizing: inherit; vertical-align: inherit;\">আপনার অ্যাকাউন্ট বন্ধ বা স্থগিত করার পাশাপাশি, আমরা দেওয়ানি, ফৌজদারি, এবং নিষেধাজ্ঞামূলক প্রতিকারের সীমাবদ্ধতা ছাড়াই যথাযথ আইনি পদক্ষেপ নেওয়ার অধিকার সংরক্ষণ করি।</font></font></span></span></div></div><div align=\"center\" times=\"\" new=\"\" roman\";=\"\" font-size:=\"\" medium;=\"\" line-height:=\"\" 1.5;\"=\"\" style=\"font-size: 20px; box-sizing: inherit; color: rgb(107, 122, 144); font-family: Heebo, sans-serif;\"><div class=\"MsoNormal\" style=\"box-sizing: inherit; text-align: left; line-height: 1.5;\"><br style=\"box-sizing: inherit;\"></div><div class=\"MsoNormal\" data-custom-class=\"heading_1\" id=\"modifications\" style=\"box-sizing: inherit; text-align: left; line-height: 1.5; font-family: Arial !important; font-size: 19px !important;\"><a name=\"_e2dep1hfgltt\" style=\"box-sizing: inherit; transition: color 0.25s ease 0s; color: rgb(0, 0, 0) !important; text-decoration: none !important; font-family: Arial !important;\"></a><span style=\"box-sizing: inherit; font-weight: 600;\"><span style=\"box-sizing: inherit; line-height: 21.85px;\">পরিবর্তন এবং বাধা</span></span></div></div><div align=\"center\" times=\"\" new=\"\" roman\";=\"\" font-size:=\"\" medium;=\"\" line-height:=\"\" 1.5;\"=\"\" style=\"font-size: 20px; box-sizing: inherit; color: rgb(107, 122, 144); font-family: Heebo, sans-serif;\"><div class=\"MsoNormal\" data-custom-class=\"body_text\" style=\"box-sizing: inherit; text-align: left; line-height: 1.5; color: rgb(89, 89, 89) !important; font-size: 14px !important; font-family: Arial !important;\"><span style=\"box-sizing: inherit; color: rgb(89, 89, 89); font-size: 15px; line-height: 16.1px;\"><font style=\"box-sizing: inherit; vertical-align: inherit;\"><font style=\"box-sizing: inherit; vertical-align: inherit;\">আমরা কোনো নোটিশ ছাড়াই আমাদের নিজস্ব বিবেচনার ভিত্তিতে যে কোনো সময় বা যেকোনো কারণে সাইটের বিষয়বস্তু পরিবর্তন, সংশোধন বা অপসারণ করার অধিকার সংরক্ষণ করি।&nbsp;</font><font style=\"box-sizing: inherit; vertical-align: inherit;\">যাইহোক, আমাদের সাইটে কোন তথ্য আপডেট করার জন্য আমাদের কোন বাধ্যবাধকতা নেই।&nbsp;</font><font style=\"box-sizing: inherit; vertical-align: inherit;\">আমরা যেকোনো সময় বিজ্ঞপ্তি ছাড়াই সাইটের সমস্ত বা অংশ পরিবর্তন বা বন্ধ করার অধিকারও সংরক্ষণ করি।&nbsp;</font><font style=\"box-sizing: inherit; vertical-align: inherit;\">সাইটের কোনো পরিবর্তন, মূল্য পরিবর্তন, সাসপেনশন বা বন্ধ করার জন্য আমরা আপনার বা কোনো তৃতীয় পক্ষের কাছে দায়বদ্ধ থাকব না।</font></font></span></div></div><div align=\"center\" times=\"\" new=\"\" roman\";=\"\" font-size:=\"\" medium;=\"\" line-height:=\"\" 1;\"=\"\" style=\"font-size: 20px; box-sizing: inherit; color: rgb(107, 122, 144); font-family: Heebo, sans-serif;\"><br style=\"box-sizing: inherit;\"></div><div align=\"center\" times=\"\" new=\"\" roman\";=\"\" font-size:=\"\" medium;=\"\" line-height:=\"\" 1.5;\"=\"\" style=\"font-size: 20px; box-sizing: inherit; color: rgb(107, 122, 144); font-family: Heebo, sans-serif;\"><div class=\"MsoNormal\" data-custom-class=\"body_text\" style=\"box-sizing: inherit; text-align: left; line-height: 1.5; color: rgb(89, 89, 89) !important; font-size: 14px !important; font-family: Arial !important;\"><span style=\"box-sizing: inherit; color: rgb(89, 89, 89); font-size: 15px; line-height: 16.1px;\"><font style=\"box-sizing: inherit; vertical-align: inherit;\"><font style=\"box-sizing: inherit; vertical-align: inherit;\">আমরা গ্যারান্টি দিতে পারি না যে সাইটটি সর্বদা উপলব্ধ থাকবে।&nbsp;</font><font style=\"box-sizing: inherit; vertical-align: inherit;\">আমরা হার্ডওয়্যার, সফ্টওয়্যার বা অন্যান্য সমস্যার সম্মুখীন হতে পারি বা সাইটের সাথে সম্পর্কিত রক্ষণাবেক্ষণের প্রয়োজন হতে পারে, যার ফলে বাধা, বিলম্ব বা ত্রুটি দেখা দেয়।&nbsp;</font><font style=\"box-sizing: inherit; vertical-align: inherit;\">আমরা পরিবর্তন, সংশোধন, আপডেট, স্থগিত, বন্ধ, বা অন্যথায় পরিবর্তন করার অধিকার সংরক্ষণ করি যে কোনো সময় বা কোনো কারণে আপনাকে বিজ্ঞপ্তি ছাড়াই।&nbsp;</font><font style=\"box-sizing: inherit; vertical-align: inherit;\">আপনি সম্মত হন যে সাইটের যেকোন ডাউনটাইম বা বন্ধের সময় সাইটটিতে অ্যাক্সেস বা ব্যবহার করতে আপনার অক্ষমতার কারণে যে কোনও ক্ষতি, ক্ষতি বা অসুবিধার জন্য আমাদের কোনও দায় নেই।&nbsp;</font><font style=\"box-sizing: inherit; vertical-align: inherit;\">এগুলোর মধ্যে কিছুই নেই&nbsp;</font></font><bdt class=\"block-component\" style=\"box-sizing: inherit; color: rgb(89, 89, 89) !important; font-size: 14px !important;\"></bdt><bdt class=\"question\" style=\"box-sizing: inherit; color: rgb(89, 89, 89) !important; font-size: 14px !important;\"><font style=\"box-sizing: inherit; vertical-align: inherit;\"><font style=\"box-sizing: inherit; vertical-align: inherit;\">শর্তাবলী</font></font></bdt><bdt class=\"statement-end-if-in-editor\" style=\"box-sizing: inherit; color: rgb(89, 89, 89) !important; font-size: 14px !important;\"></bdt><font style=\"box-sizing: inherit; vertical-align: inherit;\"><font style=\"box-sizing: inherit; vertical-align: inherit;\">&nbsp;সাইটটির রক্ষণাবেক্ষণ এবং সমর্থন করতে বা এর সাথে সম্পর্কিত কোনো সংশোধন, আপডেট, বা রিলিজ সরবরাহ করতে আমাদের বাধ্য করার জন্য বোঝানো হবে।</font></font></span></div></div><div align=\"center\" times=\"\" new=\"\" roman\";=\"\" font-size:=\"\" medium;=\"\" line-height:=\"\" 1.5;\"=\"\" style=\"font-size: 20px; box-sizing: inherit; color: rgb(107, 122, 144); font-family: Heebo, sans-serif;\"><div class=\"MsoNormal\" style=\"box-sizing: inherit; text-align: left; line-height: 1.5;\"><br style=\"box-sizing: inherit;\"></div><div class=\"MsoNormal\" data-custom-class=\"heading_1\" id=\"law\" style=\"box-sizing: inherit; text-align: left; line-height: 1.5; font-family: Arial !important; font-size: 19px !important;\"><a name=\"_p6vbf8atcwhs\" style=\"box-sizing: inherit; transition: color 0.25s ease 0s; color: rgb(0, 0, 0) !important; text-decoration: none !important; font-family: Arial !important;\"></a><span style=\"box-sizing: inherit; font-weight: 600;\"><span style=\"box-sizing: inherit; line-height: 21.85px;\">গভর্নিং আইন</span></span></div><div class=\"MsoNormal\" style=\"box-sizing: inherit; line-height: 1.5;\"><span style=\"box-sizing: inherit; color: rgb(89, 89, 89); font-size: 11pt; line-height: 16.8667px; font-family: Arial;\"><bdt class=\"block-component\" style=\"box-sizing: inherit;\"></bdt></span></div><div class=\"MsoNormal\" data-custom-class=\"body_text\" style=\"box-sizing: inherit; text-align: left; line-height: 1.5; color: rgb(89, 89, 89) !important; font-size: 14px !important; font-family: Arial !important;\"><span style=\"box-sizing: inherit; font-size: 15px; color: rgb(89, 89, 89) !important;\"><font style=\"box-sizing: inherit; vertical-align: inherit;\"><font style=\"box-sizing: inherit; vertical-align: inherit;\">এই শর্তাবলী দ্বারা পরিচালিত হবে এবং এর আইন অনুসরণ করে সংজ্ঞায়িত করা হবে&nbsp;</font></font><bdt class=\"block-component\" style=\"box-sizing: inherit; color: rgb(89, 89, 89) !important; font-size: 14px !important;\"></bdt><bdt class=\"question\" style=\"box-sizing: inherit; color: rgb(89, 89, 89) !important; font-size: 14px !important;\"><font style=\"box-sizing: inherit; vertical-align: inherit;\"><font style=\"box-sizing: inherit; vertical-align: inherit;\">বাংলাদেশ</font></font></bdt><bdt class=\"statement-end-if-in-editor\" style=\"box-sizing: inherit; color: rgb(89, 89, 89) !important; font-size: 14px !important;\"></bdt><font style=\"box-sizing: inherit; vertical-align: inherit;\"><font style=\"box-sizing: inherit; vertical-align: inherit;\">.&nbsp;</font></font><bdt class=\"question\" style=\"box-sizing: inherit; color: rgb(89, 89, 89) !important; font-size: 14px !important;\"><font style=\"box-sizing: inherit; vertical-align: inherit;\"><font style=\"box-sizing: inherit; vertical-align: inherit;\">এক্সস্টোরবিডি</font></font></bdt><font style=\"box-sizing: inherit; vertical-align: inherit;\"><font style=\"box-sizing: inherit; vertical-align: inherit;\">&nbsp;এবং আপনি অপরিবর্তনীয়ভাবে সম্মতি দেন যে আদালতের&nbsp;</font></font><span style=\"box-sizing: inherit; color: rgb(89, 89, 89) !important;\"><bdt class=\"block-component\" style=\"box-sizing: inherit; color: rgb(89, 89, 89) !important; font-size: 14px !important;\"></bdt><bdt class=\"question\" style=\"box-sizing: inherit; color: rgb(89, 89, 89) !important; font-size: 14px !important;\"><font style=\"box-sizing: inherit; vertical-align: inherit;\"><font style=\"box-sizing: inherit; vertical-align: inherit;\">বাংলাদেশ</font></font></bdt><bdt class=\"statement-end-if-in-editor\" style=\"box-sizing: inherit; color: rgb(89, 89, 89) !important; font-size: 14px !important;\"></bdt></span><font style=\"box-sizing: inherit; vertical-align: inherit;\"><font style=\"box-sizing: inherit; vertical-align: inherit;\">&nbsp;এই শর্তাবলীর সাথে সম্পর্কিত যেকোন বিরোধের সমাধান করার জন্য একচেটিয়া এখতিয়ার থাকবে।</font></font></span></div></div><div class=\"MsoNormal\" times=\"\" new=\"\" roman\";=\"\" font-size:=\"\" medium;=\"\" line-height:=\"\" 1.5;\"=\"\" style=\"font-size: 20px; box-sizing: inherit; color: rgb(107, 122, 144); font-family: Heebo, sans-serif;\"><br style=\"box-sizing: inherit;\"></div><div class=\"MsoNormal\" data-custom-class=\"heading_1\" id=\"corrections\" style=\"font-size: 19px !important; box-sizing: inherit; color: rgb(107, 122, 144); line-height: 1.5;\"><span style=\"box-sizing: inherit; font-weight: 600;\">সংশোধন</span></div><div class=\"MsoNormal\" data-custom-class=\"body_text\" style=\"font-size: 14px !important; box-sizing: inherit; line-height: 1.5; color: rgb(89, 89, 89) !important;\"><span style=\"box-sizing: inherit; font-size: 15px; color: rgb(89, 89, 89) !important;\"><font style=\"box-sizing: inherit; vertical-align: inherit;\"><font style=\"box-sizing: inherit; vertical-align: inherit;\">সাইটে এমন তথ্য থাকতে পারে যাতে টাইপোগ্রাফিক ত্রুটি, ভুল, বা বাদ দেওয়া সহ বর্ণনা, মূল্য, প্রাপ্যতা এবং অন্যান্য বিভিন্ন তথ্য রয়েছে।&nbsp;</font><font style=\"box-sizing: inherit; vertical-align: inherit;\">আমরা কোনো ত্রুটি, ভুল, বা বাদ পড়া সংশোধন করার অধিকার সংরক্ষণ করি এবং পূর্ব বিজ্ঞপ্তি ছাড়াই যে কোনো সময় সাইটের তথ্য পরিবর্তন বা আপডেট করার অধিকার রাখি।</font></font></span></div><div class=\"MsoNormal\" data-custom-class=\"body_text\" style=\"font-size: 14px !important; box-sizing: inherit; line-height: 1.5; color: rgb(89, 89, 89) !important;\"><span style=\"box-sizing: inherit; font-size: 15px; color: rgb(89, 89, 89) !important;\"><font style=\"box-sizing: inherit; vertical-align: inherit;\"><font style=\"box-sizing: inherit; vertical-align: inherit;\"><br></font></font></span></div><div class=\"MsoNormal\" data-custom-class=\"heading_1\" id=\"liability\" style=\"font-size: 19px !important; box-sizing: inherit; color: rgb(107, 122, 144); line-height: 1.5;\"><span style=\"box-sizing: inherit; font-weight: 600;\">দায়বদ্ধতার সীমাবদ্ধতা</span></div><div class=\"MsoNormal\" data-custom-class=\"body_text\" style=\"font-size: 14px !important; box-sizing: inherit; line-height: 1.5; color: rgb(89, 89, 89) !important;\"><span style=\"box-sizing: inherit; font-size: 15px; color: rgb(89, 89, 89) !important;\"><font style=\"box-sizing: inherit; vertical-align: inherit;\"><font style=\"box-sizing: inherit; vertical-align: inherit;\">কোনো অবস্থাতেই আমরা বা আমাদের পরিচালক, কর্মচারী, বা এজেন্ট আপনার বা যেকোনো তৃতীয় পক্ষের কাছে কোনো প্রত্যক্ষ, পরোক্ষ, ফলস্বরূপ, অনুকরণীয়&nbsp;&nbsp;</font></font><span style=\"box-sizing: inherit; color: rgb(89, 89, 89); line-height: 16.1px;\"><font style=\"box-sizing: inherit; vertical-align: inherit;\"><font style=\"box-sizing: inherit; vertical-align: inherit;\">, আকস্মিক, বিশেষ, ব্যক্তিগত, ব্যক্তিগত, ব্যক্তিগত, ব্যক্তিগত অথবা আপনার সাইটের ব্যবহার থেকে উদ্ভূত অন্যান্য ক্ষতি, এমনকি যদি আমাদের এই ধরনের ক্ষতির সম্ভাবনার বিষয়ে পরামর্শ দেওয়া হয়।</font></font></span></span></div><div class=\"MsoNormal\" times=\"\" new=\"\" roman\";=\"\" font-size:=\"\" medium;=\"\" line-height:=\"\" 1.5;\"=\"\" style=\"font-size: 20px; box-sizing: inherit; color: rgb(107, 122, 144); font-family: Heebo, sans-serif;\"><br style=\"box-sizing: inherit;\"></div><div class=\"MsoNormal\" data-custom-class=\"heading_1\" id=\"userdata\" style=\"font-size: 19px !important; box-sizing: inherit; color: rgb(107, 122, 144); line-height: 1.5;\"><span style=\"box-sizing: inherit; font-weight: 600;\">ব্যবহারকারীর ডেটা</span></div><div class=\"MsoNormal\" data-custom-class=\"body_text\" style=\"font-size: 14px !important; box-sizing: inherit; line-height: 1.5; color: rgb(89, 89, 89) !important;\"><span style=\"box-sizing: inherit; font-size: 15px; color: rgb(89, 89, 89) !important;\"><font style=\"box-sizing: inherit; vertical-align: inherit;\"><font style=\"box-sizing: inherit; vertical-align: inherit;\">আমরা নির্দিষ্ট ডেটা বজায় রাখব যা আপনি সাইটের কার্যকারিতা পরিচালনার উদ্দেশ্যে সাইটে প্রেরণ করেন, সেইসাথে আপনার সাইটের ব্যবহারের সাথে সম্পর্কিত ডেটা।&nbsp;</font><font style=\"box-sizing: inherit; vertical-align: inherit;\">যদিও আমরা ডেটার নিয়মিত রুটিন ব্যাকআপ সঞ্চালন করি, তবে আপনি যে সমস্ত ডেটা প্রেরণ করেন বা সাইটটি ব্যবহার করে আপনার করা যে কোনও কার্যকলাপের সাথে সম্পর্কিত সমস্ত ডেটার জন্য আপনি সম্পূর্ণরূপে দায়ী।&nbsp;</font><font style=\"box-sizing: inherit; vertical-align: inherit;\">আপনি সম্মত হন যে এই জাতীয় কোনও ডেটার ক্ষতি বা দুর্নীতির জন্য আমাদের আপনার কাছে কোনও দায়বদ্ধতা থাকবে না এবং আপনি এতদ্বারা এই জাতীয় ডেটার কোনও ক্ষতি বা দুর্নীতির কারণে আমাদের বিরুদ্ধে কোনও পদক্ষেপের অধিকার পরিত্যাগ করবেন।</font></font></span></div><div class=\"MsoNormal\" times=\"\" new=\"\" roman\";=\"\" font-size:=\"\" medium;=\"\" line-height:=\"\" 1.5;\"=\"\" style=\"font-size: 20px; box-sizing: inherit; color: rgb(107, 122, 144); font-family: Heebo, sans-serif;\"><br style=\"box-sizing: inherit;\"></div><div class=\"MsoNormal\" data-custom-class=\"heading_1\" id=\"electronic\" style=\"font-size: 19px !important; box-sizing: inherit; color: rgb(107, 122, 144); line-height: 1.5;\"><span style=\"box-sizing: inherit; font-weight: 600;\">ইলেকট্রনিক যোগাযোগ, লেনদেন, এবং স্বাক্ষর</span></div><div class=\"MsoNormal\" data-custom-class=\"body_text\" style=\"font-size: 14px !important; box-sizing: inherit; line-height: 1.5; color: rgb(89, 89, 89) !important;\"><span style=\"box-sizing: inherit; font-size: 15px; color: rgb(89, 89, 89) !important;\"><font style=\"box-sizing: inherit; vertical-align: inherit;\"><font style=\"box-sizing: inherit; vertical-align: inherit;\">পরিদর্শন&nbsp;</font></font><span style=\"box-sizing: inherit; color: rgb(89, 89, 89); line-height: 16.1px; font-size: 14px !important;\"><font style=\"box-sizing: inherit; vertical-align: inherit;\"><font style=\"box-sizing: inherit; vertical-align: inherit;\">সাইট, আমাদের ইমেল পাঠানো, এবং অনলাইন ফর্ম পূরণ ইলেকট্রনিক যোগাযোগ গঠন.&nbsp;</font><font style=\"box-sizing: inherit; vertical-align: inherit;\">আপনি ইলেকট্রনিক যোগাযোগ পেতে সম্মত হন, এবং আপনি সম্মত হন যে সমস্ত চুক্তি, নোটিশ, প্রকাশ এবং অন্যান্য যোগাযোগ যা আমরা আপনাকে ইলেকট্রনিকভাবে, ইমেলের মাধ্যমে এবং সাইটে প্রদান করি, এই ধরনের যোগাযোগ লিখিতভাবে হওয়া যে কোনো আইনি প্রয়োজনীয়তা পূরণ করে।&nbsp;</font><font style=\"box-sizing: inherit; vertical-align: inherit;\">আপনি এতদ্বারা ইলেকট্রনিক স্বাক্ষর, চুক্তি, আদেশ, এবং অন্যান্য রেকর্ডের ব্যবহারে সম্মত হন, এবং V-এর দ্বারা সূচনাকৃত লেনদেনের নোটিশ, নীতি, এবং লেনদেনের রেকর্ডগুলির বৈদ্যুতিক বিতরণে সম্মত হন৷&nbsp;</font><font style=\"box-sizing: inherit; vertical-align: inherit;\">আপনি এতদ্বারা যেকোন আইন, প্রবিধান, নিয়ম, অধ্যাদেশ, বা অন্য আইনের অধীনে যেকোন অধিকার বা প্রয়োজনীয়তা পরিত্যাগ করেন যেগুলির জন্য একটি আসল স্বাক্ষর বা বিতরণ বা অ-ইলেক্ট্রনিক রেকর্ডের ধারণ করার প্রয়োজন হয়,</font></font></span></span></div><div class=\"MsoNormal\" times=\"\" new=\"\" roman\";=\"\" font-size:=\"\" medium;=\"\" line-height:=\"\" 1.5;\"=\"\" style=\"font-size: 20px; box-sizing: inherit; color: rgb(107, 122, 144); font-family: Heebo, sans-serif;\"><br style=\"box-sizing: inherit;\"></div><div class=\"MsoNormal\" times=\"\" new=\"\" roman\";=\"\" font-size:=\"\" medium;=\"\" line-height:=\"\" 1.5;\"=\"\" style=\"font-size: 20px; box-sizing: inherit; color: rgb(107, 122, 144); font-family: Heebo, sans-serif;\"><bdt class=\"block-component\" style=\"box-sizing: inherit;\"></bdt></div><div class=\"MsoNormal\" data-custom-class=\"heading_1\" id=\"misc\" style=\"font-size: 19px !important; box-sizing: inherit; color: rgb(107, 122, 144); line-height: 1.5;\"><span style=\"box-sizing: inherit; font-weight: 600;\">বিবিধ</span></div><div class=\"MsoNormal\" data-custom-class=\"body_text\" style=\"font-size: 14px !important; box-sizing: inherit; line-height: 1.5; color: rgb(89, 89, 89) !important;\"><span style=\"box-sizing: inherit; font-size: 15px; color: rgb(89, 89, 89) !important;\"><font style=\"box-sizing: inherit; vertical-align: inherit;\"><font style=\"box-sizing: inherit; vertical-align: inherit;\">এইগুলো&nbsp;</font></font><bdt class=\"block-component\" style=\"box-sizing: inherit; color: rgb(89, 89, 89) !important; font-size: 14px !important;\"></bdt><bdt class=\"question\" style=\"box-sizing: inherit; color: rgb(89, 89, 89) !important; font-size: 14px !important;\"><font style=\"box-sizing: inherit; vertical-align: inherit;\"><font style=\"box-sizing: inherit; vertical-align: inherit;\">শর্তাবলী</font></font></bdt><bdt class=\"statement-end-if-in-editor\" style=\"box-sizing: inherit; color: rgb(89, 89, 89) !important; font-size: 14px !important;\"></bdt><font style=\"box-sizing: inherit; vertical-align: inherit;\"><font style=\"box-sizing: inherit; vertical-align: inherit;\">&nbsp;এবং সাইটে বা সাইটের বিষয়ে আমাদের দ্বারা পোস্ট করা যেকোনো নীতি বা অপারেটিং নিয়ম আপনার এবং আমাদের মধ্যে সম্পূর্ণ চুক্তি এবং বোঝাপড়া গঠন করে।&nbsp;</font><font style=\"box-sizing: inherit; vertical-align: inherit;\">এগুলোর কোনো অধিকার বা বিধান প্রয়োগ বা প্রয়োগ করতে আমাদের ব্যর্থতা&nbsp;</font></font><bdt class=\"block-component\" style=\"box-sizing: inherit; color: rgb(89, 89, 89) !important; font-size: 14px !important;\"></bdt><bdt class=\"question\" style=\"box-sizing: inherit; color: rgb(89, 89, 89) !important; font-size: 14px !important;\"><font style=\"box-sizing: inherit; vertical-align: inherit;\"><font style=\"box-sizing: inherit; vertical-align: inherit;\">শর্তাবলী</font></font></bdt><bdt class=\"statement-end-if-in-editor\" style=\"box-sizing: inherit; color: rgb(89, 89, 89) !important; font-size: 14px !important;\"></bdt><font style=\"box-sizing: inherit; vertical-align: inherit;\"><font style=\"box-sizing: inherit; vertical-align: inherit;\">&nbsp;এই ধরনের অধিকার বা বিধান একটি মওকুফ হিসাবে কাজ করবে না.&nbsp;</font><font style=\"box-sizing: inherit; vertical-align: inherit;\">এইগুলো&nbsp;</font></font><bdt class=\"block-component\" style=\"box-sizing: inherit; color: rgb(89, 89, 89) !important; font-size: 14px !important;\"></bdt><bdt class=\"question\" style=\"box-sizing: inherit; color: rgb(89, 89, 89) !important; font-size: 14px !important;\"><font style=\"box-sizing: inherit; vertical-align: inherit;\"><font style=\"box-sizing: inherit; vertical-align: inherit;\">শর্তাবলী</font></font></bdt><bdt class=\"statement-end-if-in-editor\" style=\"box-sizing: inherit; color: rgb(89, 89, 89) !important; font-size: 14px !important;\"></bdt><font style=\"box-sizing: inherit; vertical-align: inherit;\"><font style=\"box-sizing: inherit; vertical-align: inherit;\">&nbsp;আইন দ্বারা অনুমোদিত সম্পূর্ণ পরিমাণে কাজ করুন।&nbsp;</font><font style=\"box-sizing: inherit; vertical-align: inherit;\">আমরা যে কোনো সময় অন্যদের কাছে আমাদের যেকোনো বা সমস্ত অধিকার এবং বাধ্যবাধকতা অর্পণ করতে পারি।&nbsp;</font><font style=\"box-sizing: inherit; vertical-align: inherit;\">আমাদের যুক্তিসঙ্গত নিয়ন্ত্রণের বাইরে কোনো কারণে কোনো ক্ষতি, ক্ষয়ক্ষতি, বিলম্ব বা কাজ করতে ব্যর্থতার জন্য আমরা দায়ী বা দায়ী থাকব না।&nbsp;</font><font style=\"box-sizing: inherit; vertical-align: inherit;\">এগুলোর কোনো বিধান বা কোনো অংশ থাকলে&nbsp;</font></font><bdt class=\"block-component\" style=\"box-sizing: inherit; color: rgb(89, 89, 89) !important; font-size: 14px !important;\"></bdt><bdt class=\"question\" style=\"box-sizing: inherit; color: rgb(89, 89, 89) !important; font-size: 14px !important;\"><font style=\"box-sizing: inherit; vertical-align: inherit;\"><font style=\"box-sizing: inherit; vertical-align: inherit;\">শর্তাবলী</font></font></bdt><bdt class=\"statement-end-if-in-editor\" style=\"box-sizing: inherit; color: rgb(89, 89, 89) !important; font-size: 14px !important;\"></bdt><font style=\"box-sizing: inherit; vertical-align: inherit;\"><font style=\"box-sizing: inherit; vertical-align: inherit;\">&nbsp;বেআইনি, অকার্যকর, বা অপ্রয়োগযোগ্য বলে নির্ধারিত হয়, যে বিধান বা বিধানের অংশ এগুলি থেকে বিচ্ছেদযোগ্য বলে গণ্য করা হয়&nbsp;</font></font><bdt class=\"block-component\" style=\"box-sizing: inherit; color: rgb(89, 89, 89) !important; font-size: 14px !important;\"></bdt><bdt class=\"question\" style=\"box-sizing: inherit; color: rgb(89, 89, 89) !important; font-size: 14px !important;\"><font style=\"box-sizing: inherit; vertical-align: inherit;\"><font style=\"box-sizing: inherit; vertical-align: inherit;\">শর্তাবলী</font></font></bdt><bdt class=\"statement-end-if-in-editor\" style=\"box-sizing: inherit; color: rgb(89, 89, 89) !important; font-size: 14px !important;\"></bdt><font style=\"box-sizing: inherit; vertical-align: inherit;\"><font style=\"box-sizing: inherit; vertical-align: inherit;\">&nbsp;এবং কোন অবশিষ্ট বিধানের বৈধতা এবং প্রয়োগযোগ্যতা প্রভাবিত করে না।&nbsp;</font><font style=\"box-sizing: inherit; vertical-align: inherit;\">এইগুলির ফলে আপনার এবং আমাদের মধ্যে কোনও যৌথ উদ্যোগ, অংশীদারিত্ব, কর্মসংস্থান বা সংস্থা সম্পর্ক তৈরি হয়নি&nbsp;</font></font><bdt class=\"block-component\" style=\"box-sizing: inherit; color: rgb(89, 89, 89) !important; font-size: 14px !important;\"></bdt><bdt class=\"question\" style=\"box-sizing: inherit; color: rgb(89, 89, 89) !important; font-size: 14px !important;\"><font style=\"box-sizing: inherit; vertical-align: inherit;\"><font style=\"box-sizing: inherit; vertical-align: inherit;\">শর্তাবলী</font></font></bdt><bdt class=\"statement-end-if-in-editor\" style=\"box-sizing: inherit; color: rgb(89, 89, 89) !important; font-size: 14px !important;\"></bdt><font style=\"box-sizing: inherit; vertical-align: inherit;\"><font style=\"box-sizing: inherit; vertical-align: inherit;\">&nbsp;অথবা সাইট ব্যবহার.&nbsp;</font><font style=\"box-sizing: inherit; vertical-align: inherit;\">আপনি এই যে একমত&nbsp;</font></font><bdt class=\"block-component\" style=\"box-sizing: inherit; color: rgb(89, 89, 89) !important; font-size: 14px !important;\"></bdt><bdt class=\"question\" style=\"box-sizing: inherit; color: rgb(89, 89, 89) !important; font-size: 14px !important;\"><font style=\"box-sizing: inherit; vertical-align: inherit;\"><font style=\"box-sizing: inherit; vertical-align: inherit;\">শর্তাবলী</font></font></bdt><bdt class=\"statement-end-if-in-editor\" style=\"box-sizing: inherit; color: rgb(89, 89, 89) !important; font-size: 14px !important;\"></bdt><font style=\"box-sizing: inherit; vertical-align: inherit;\"><font style=\"box-sizing: inherit; vertical-align: inherit;\">&nbsp;তাদের খসড়া করার কারণে আমাদের বিরুদ্ধে বোঝানো হবে না।&nbsp;</font><font style=\"box-sizing: inherit; vertical-align: inherit;\">আপনি এতদ্বারা এইগুলির ইলেকট্রনিক ফর্মের উপর ভিত্তি করে আপনার যে কোনও এবং সমস্ত প্রতিরক্ষা পরিত্যাগ করবেন৷&nbsp;</font></font><bdt class=\"block-component\" style=\"box-sizing: inherit; color: rgb(89, 89, 89) !important; font-size: 14px !important;\"></bdt><bdt class=\"question\" style=\"box-sizing: inherit; color: rgb(89, 89, 89) !important; font-size: 14px !important;\"><font style=\"box-sizing: inherit; vertical-align: inherit;\"><font style=\"box-sizing: inherit; vertical-align: inherit;\">শর্তাবলী</font></font></bdt><bdt class=\"statement-end-if-in-editor\" style=\"box-sizing: inherit; color: rgb(89, 89, 89) !important; font-size: 14px !important;\"></bdt><font style=\"box-sizing: inherit; vertical-align: inherit;\"><font style=\"box-sizing: inherit; vertical-align: inherit;\">&nbsp;এবং এগুলি কার্যকর করার জন্য এখানে পক্ষগুলির স্বাক্ষরের অভাব&nbsp;</font></font><bdt class=\"block-component\" style=\"box-sizing: inherit; color: rgb(89, 89, 89) !important; font-size: 14px !important;\"></bdt><bdt class=\"question\" style=\"box-sizing: inherit; color: rgb(89, 89, 89) !important; font-size: 14px !important;\"><font style=\"box-sizing: inherit; vertical-align: inherit;\"><font style=\"box-sizing: inherit; vertical-align: inherit;\">শর্তাবলী</font></font></bdt><bdt class=\"statement-end-if-in-editor\" style=\"box-sizing: inherit; color: rgb(89, 89, 89) !important; font-size: 14px !important;\"></bdt><font style=\"box-sizing: inherit; vertical-align: inherit;\"><font style=\"box-sizing: inherit; vertical-align: inherit;\">.</font></font></span></div><div class=\"MsoNormal\" times=\"\" new=\"\" roman\";=\"\" font-size:=\"\" medium;=\"\" line-height:=\"\" 1.5;\"=\"\" style=\"font-size: 20px; box-sizing: inherit; color: rgb(107, 122, 144); font-family: Heebo, sans-serif;\"><br style=\"box-sizing: inherit;\"></div><div class=\"MsoNormal\" data-custom-class=\"heading_1\" id=\"contact\" style=\"font-size: 19px !important; box-sizing: inherit; color: rgb(107, 122, 144); line-height: 1.5;\"><span style=\"box-sizing: inherit; font-weight: 600;\">আমাদের সাথে যোগাযোগ করুন</span></div><div class=\"MsoNormal\" data-custom-class=\"body_text\" style=\"font-size: 14px !important; box-sizing: inherit; line-height: 1.5; color: rgb(89, 89, 89) !important;\"><span style=\"box-sizing: inherit; font-size: 15px; color: rgb(89, 89, 89) !important;\"><font style=\"box-sizing: inherit; vertical-align: inherit;\"><span style=\"box-sizing: inherit; color: rgb(89, 89, 89); line-height: 16.1px;\"><font style=\"box-sizing: inherit; vertical-align: inherit;\">সাইট সম্পর্কিত অভিযোগের সমাধান করার জন্য বা সাইটের ব্যবহার সম্পর্কিত আরও তথ্য পেতে, অনুগ্রহ করে আমাদের সাথে এখানে যোগাযোগ করুন</font></span><font style=\"box-sizing: inherit; vertical-align: inherit;\">&nbsp;:</font></font></span></div><div class=\"MsoNormal\" data-custom-class=\"body_text\" style=\"font-size: 14px !important; box-sizing: inherit; line-height: 1.5; color: rgb(89, 89, 89) !important;\"><span style=\"box-sizing: inherit; font-size: 15px; color: rgb(89, 89, 89) !important;\"><span style=\"box-sizing: inherit; color: rgb(89, 89, 89); line-height: 16.1px;\"><bdt class=\"question\" style=\"box-sizing: inherit; color: rgb(89, 89, 89) !important; font-size: 14px !important;\"><span style=\"box-sizing: inherit; font-weight: 600; color: rgb(89, 89, 89) !important;\"><font style=\"box-sizing: inherit; vertical-align: inherit;\">এক্সস্টোরবিডি</font></span></bdt></span></span></div><div class=\"MsoNormal\" data-custom-class=\"body_text\" style=\"font-size: 14px !important; box-sizing: inherit; line-height: 1.5; color: rgb(89, 89, 89) !important;\"><span style=\"box-sizing: inherit; font-size: 15px; color: rgb(89, 89, 89) !important;\"><span style=\"box-sizing: inherit; color: rgb(89, 89, 89); line-height: 16.1px;\"><span style=\"box-sizing: inherit; font-weight: 600; color: rgb(89, 89, 89) !important; font-size: 14px !important;\"><span style=\"box-sizing: inherit; color: rgb(89, 89, 89);\"><bdt class=\"question\" style=\"box-sizing: inherit; color: rgb(89, 89, 89) !important;\"><font style=\"box-sizing: inherit; vertical-align: inherit;\"><font style=\"box-sizing: inherit; vertical-align: inherit;\">example@gmail.com</font></font></bdt></span></span></span></span></div></div></div></div></div>');

-- --------------------------------------------------------

--
-- Table structure for table `payment_method`
--

CREATE TABLE `payment_method` (
  `id` int(255) NOT NULL,
  `pmn_method` varchar(255) NOT NULL,
  `pmn_number` varchar(255) NOT NULL
) ENGINE=InnoDB DEFAULT CHARSET=utf8mb4;

--
-- Dumping data for table `payment_method`
--

INSERT INTO `payment_method` (`id`, `pmn_method`, `pmn_number`) VALUES
(3, 'Bkash', '0123456789'),
(5, 'Nogod', '0123456789'),
(6, 'Rocket', '0123456789'),
(7, 'Upay', '0123456789'),
(8, 'Bank', '0123456789');

-- --------------------------------------------------------

--
-- Table structure for table `product`
--

CREATE TABLE `product` (
  `admin_id` int(255) NOT NULL,
  `id` int(255) NOT NULL,
  `product_name` varchar(255) NOT NULL,
  `sell_price` int(255) NOT NULL,
  `product_code` varchar(255) NOT NULL,
  `vat` int(255) NOT NULL,
  `brand` varchar(255) NOT NULL,
  `category` varchar(255) NOT NULL,
  `date` varchar(255) NOT NULL,
  `file` varchar(255) NOT NULL,
  `time` int(255) NOT NULL
) ENGINE=InnoDB DEFAULT CHARSET=utf8mb4;

--
-- Dumping data for table `product`
--

INSERT INTO `product` (`admin_id`, `id`, `product_name`, `sell_price`, `product_code`, `vat`, `brand`, `category`, `date`, `file`, `time`) VALUES
(1, 91, 'HP leptop', 2500, '34343', 5, 'tecno', 'Hyundai', '10/12/2020', '633f4454a0e0b90ba9645ea6_FigDone-Cool-Square.png', 1668683435),
(27, 92, 'leptop', 25000, '6966346', 5, 'apple', 'Hyundai', '2022-11-16', '633f4454a0e0b90ba9645ea6_FigDone-Cool-Square.png', 1668689457);

-- --------------------------------------------------------

--
-- Table structure for table `product_setting`
--

CREATE TABLE `product_setting` (
  `id` int(255) NOT NULL,
  `price` int(255) NOT NULL,
  `title` varchar(255) NOT NULL,
  `summery` longtext NOT NULL,
  `mini_content` longtext NOT NULL,
  `content` longtext NOT NULL,
  `file` varchar(255) NOT NULL
) ENGINE=InnoDB DEFAULT CHARSET=utf8mb4;

--
-- Dumping data for table `product_setting`
--

INSERT INTO `product_setting` (`id`, `price`, `title`, `summery`, `mini_content`, `content`, `file`) VALUES
(1, 1000, 'Store Management Systems', '<ul><li>খুব সুন্দর ডিজাইন (কাস্টমার ফ্রেন্ডলি) ।\r\n</li><li>ডোমেইন সাপোর্ট ফ্রি \r\nহোস্টিং সাপোর্ট লাইফটাইম ফ্রি \r\nরিসপনসিভ ডিজাইন ।\r\n</li><li>ক্লিন কোডিং ।\r\n১০ দিনের প্রিমিয়াম ফ্রি সাপোর্ট । \r\nসুপার লোডিং স্পিড ।\r\n</li><li>ফ্রি মেইনটেনেন্স \r\nলাইফটাইম আপডেটেড ফ্রি \r\nকাস্টমার ম্যানেজমেন্ট \r\nইজি সেল সিস্টেম\r\nবারকোড (কামিং সন)\r\nঅত্যাধুনিক মানের ডেসবোর্ড \r\nসেলস রিপোর্ট \r\nকাস্টম লগো ও কাস্টম বিজিনেস সেটিং </li></ul>', '<p style=\"margin-bottom: 0px; padding-bottom: 15px; color: rgb(63, 63, 63); font-family: roboto, &quot;Helvetica Neue&quot;, Arial, sans-serif; font-size: 16px; font-style: normal;\"><font style=\"vertical-align: inherit;\">এই সহজ প্রকল্পটি একটি&nbsp;</font><span style=\"font-weight: 700;\">সাধারণ ইনভেন্টরি ম্যানেজমেন্ট সিস্টেম</span><font style=\"vertical-align: inherit;\"><font style=\"vertical-align: inherit;\">&nbsp;।&nbsp;</font><font style=\"vertical-align: inherit;\">এটি একটি ওয়েব-ভিত্তিক অ্যাপ্লিকেশন প্রকল্প যা&nbsp;</font></font><span style=\"font-weight: 700;\">PHP</span><font style=\"vertical-align: inherit;\">&nbsp;এবং&nbsp;</font><span style=\"font-weight: 700;\">MySQL ডেটাবেসে</span><font style=\"vertical-align: inherit;\"><font style=\"vertical-align: inherit;\">&nbsp;তৈরি করা হয়েছে ।&nbsp;</font><font style=\"vertical-align: inherit;\">এই প্রকল্পের মূল লক্ষ্য হল নির্দিষ্ট কিছু দোকান, দোকান বা যেকোনো ব্যবসাকে তাদের&nbsp;</font></font><span style=\"font-weight: 700;\">ইনভেন্টরি বা পণ্য স্টক</span><font style=\"vertical-align: inherit;\"><font style=\"vertical-align: inherit;\">&nbsp;পরিচালনা করার জন্য একটি অনলাইন প্ল্যাটফর্ম প্রদান করা ।&nbsp;</font><font style=\"vertical-align: inherit;\">অ্যাপ্লিকেশনটি ব্যবসাকে সহজেই তাদের পণ্যের স্টক সংরক্ষণ, পুনরুদ্ধার এবং নিরীক্ষণ করতে সহায়তা করে।&nbsp;</font></font><font style=\"vertical-align: inherit;\"><font style=\"vertical-align: inherit;\">মনোরম ব্যবহারকারী ইন্টারফেস রয়েছে&nbsp;</font><font style=\"vertical-align: inherit;\">যা অ্যাপ্লিকেশনটি ব্যবহার করার সময় ব্যবস্থাপনা বা শেষ ব্যবহারকারীদের আরও ভাল অভিজ্ঞতা দেয়।&nbsp;</font><font style=\"vertical-align: inherit;\">এই প্রকল্পটি ব্যবহারকারী-বান্ধব বৈশিষ্ট্য এবং কার্যকারিতা নিয়ে গঠিত</font></font></p><h2 style=\"font-family: roboto, &quot;Helvetica Neue&quot;, Arial, sans-serif; font-weight: 400; line-height: 1.2; color: rgb(63, 63, 63); margin: 20px 0px; font-size: 28px; letter-spacing: normal;\"><span style=\"font-weight: 700;\">সরল ইনভেন্টরি ম্যানেজমেন্ট সিস্টেম সম্পর্কে</span></h2><p style=\"margin-bottom: 0px; padding-bottom: 15px; color: rgb(63, 63, 63); font-family: roboto, &quot;Helvetica Neue&quot;, Arial, sans-serif; font-size: 16px; font-style: normal;\"><font style=\"vertical-align: inherit;\">এই প্রকল্পটি নিম্নলিখিত ব্যবহার করে তৈরি করা হয়েছিল:</font></p><div class=\"text-center content-middle-ads my-2 __ads\" style=\"padding: 0px; position: relative; margin: 0px; color: rgb(63, 63, 63); font-family: roboto, &quot;Helvetica Neue&quot;, Arial, sans-serif;\"></div><ul style=\"margin-bottom: 10px; list-style-type: square; color: rgb(63, 63, 63); font-family: roboto, &quot;Helvetica Neue&quot;, Arial, sans-serif;\"><li><span style=\"font-weight: 700;\"><font color=\"#357cce\"><span style=\"text-decoration-thickness: initial; text-decoration-style: initial; text-decoration-color: initial;\">XAMPP</span></font></span></li><li><span style=\"font-weight: 700;\">PHP version &gt;= 7.2</span></li><li><span style=\"font-weight: 700;\">MySQL Database</span></li><li><span style=\"font-weight: 700;\">HTML</span></li><li><span style=\"font-weight: 700;\">CSS</span></li><li><span style=\"font-weight: 700;\">JavaScript</span></li><li><span style=\"font-weight: 700;\">jQuery</span></li><li><span style=\"font-weight: 700;\">Font Awesome</span></li><li><span style=\"font-weight: 700;\">DataTables</span></li></ul><h2 style=\"font-family: roboto, &quot;Helvetica Neue&quot;, Arial, sans-serif; font-weight: 400; line-height: 1.2; color: rgb(63, 63, 63); margin: 20px 0px; font-size: 28px; letter-spacing: normal;\"><span style=\"font-weight: 700;\">বৈশিষ্ট্য</span></h2><ul style=\"margin-bottom: 10px; list-style-type: square; color: rgb(63, 63, 63); font-family: roboto, &quot;Helvetica Neue&quot;, Arial, sans-serif;\"><li><span style=\"font-weight: 700;\">গ্রাহক ব্যবস্থাপনা</span><ul style=\"list-style-type: square;\"><li><font style=\"vertical-align: inherit;\">নতুন গ্রাহক যোগ করুন</font></li><li><font style=\"vertical-align: inherit;\">সমস্ত গ্রাহকদের তালিকা করুন</font></li><li><font style=\"vertical-align: inherit;\">গ্রাহকের বিবরণ সম্পাদনা/আপডেট করুন</font></li><li><font style=\"vertical-align: inherit;\">গ্রাহক মুছুন</font></li></ul></li><li><span style=\"font-weight: 700;\">ক্যাটাগরি ম্যানেজমেন্ট</span><ul style=\"list-style-type: square;\"><li><font style=\"vertical-align: inherit;\">নতুন বিভাগ যোগ করুন</font></li><li><font style=\"vertical-align: inherit;\">সমস্ত বিভাগ তালিকা</font></li><li><font style=\"vertical-align: inherit;\">বিভাগের বিবরণ সম্পাদনা/আপডেট করুন</font></li><li><font style=\"vertical-align: inherit;\">বিভাগ মুছুন</font></li></ul></li><li><span style=\"font-weight: 700;\">ব্র্যান্ড ব্যবস্থাপনা</span><ul style=\"list-style-type: square;\"><li><font style=\"vertical-align: inherit;\">নতুন ব্র্যান্ড যোগ করুন</font></li><li><font style=\"vertical-align: inherit;\">সমস্ত ব্র্যান্ডের তালিকা করুন</font></li><li><font style=\"vertical-align: inherit;\">ব্র্যান্ডের বিবরণ সম্পাদনা/আপডেট করুন</font></li><li><font style=\"vertical-align: inherit;\">ব্র্যান্ড মুছুন</font></li></ul></li><li><span style=\"font-weight: 700;\">সরবরাহকারী ব্যবস্থাপনা</span><ul style=\"list-style-type: square;\"><li><font style=\"vertical-align: inherit;\">নতুন সরবরাহকারী যোগ করুন</font></li><li><font style=\"vertical-align: inherit;\">সমস্ত সরবরাহকারীদের তালিকা করুন</font></li><li><font style=\"vertical-align: inherit;\">সরবরাহকারীর বিবরণ সম্পাদনা/আপডেট করুন</font></li><li><font style=\"vertical-align: inherit;\">সরবরাহকারী মুছুন</font></li></ul></li><li><span style=\"font-weight: 700;\">পণ্য ব্যবস্থাপনা</span><ul style=\"list-style-type: square;\"><li><font style=\"vertical-align: inherit;\">নতুন পণ্য যোগ করুন</font></li><li><font style=\"vertical-align: inherit;\">সমস্ত পণ্য তালিকা</font></li><li><font style=\"vertical-align: inherit;\">পণ্যের বিবরণ সম্পাদনা/আপডেট করুন</font></li><li><font style=\"vertical-align: inherit;\">পণ্যের বিবরণ দেখুন</font></li><li><font style=\"vertical-align: inherit;\">পণ্য মুছুন</font></li></ul></li><li><span style=\"font-weight: 700;\">ক্রয় ব্যবস্থাপনা</span><ul style=\"list-style-type: square;\"><li><font style=\"vertical-align: inherit;\">নতুন ক্রয় যোগ করুন</font></li><li><font style=\"vertical-align: inherit;\">সমস্ত কেনাকাটার তালিকা করুন</font></li><li><font style=\"vertical-align: inherit;\">ক্রয়ের বিবরণ সম্পাদনা/আপডেট করুন</font></li><li><font style=\"vertical-align: inherit;\">ক্রয় মুছুন</font></li></ul></li><li><span style=\"font-weight: 700;\">নির্দেশ ব্যাবস্থাপনা</span><ul style=\"list-style-type: square;\"><li><font style=\"vertical-align: inherit;\">নতুন অর্ডার যোগ করুন</font></li><li><font style=\"vertical-align: inherit;\">সমস্ত আদেশ তালিকা</font></li><li><font style=\"vertical-align: inherit;\">অর্ডার বিশদ সম্পাদনা/আপডেট করুন</font></li><li><font style=\"vertical-align: inherit;\">অর্ডার মুছুন</font></li></ul></li><li><span style=\"font-weight: 700;\">লগইন এবং লগআউট</span></li></ul>', '<!-- wp:paragraph -->\r\n<p>আমরা আপনাকে দিচ্ছি রেডিমেড যেকোন দোকান ম্যানেজমেন্ট সফটওয়্যার । আমাদের ডেলিভারির সময় পেমেন্ট করার সাথে সাথেই। আপনি আপনার , যেকোন দোকানের পন্যকে  সারা-বাংলাদেশ ব্যাপি অনলাইনে বেচাকিনার জন্য  আপনার ব্যাবসাকে ঘরে থেকেই পরিচালনা করার জন্য আমাদের কাছে এখনি  দোকান ম্যানেজমেন্ট সফটওয়্যার  জন্য অর্ডার করতে পারেন।  আমাদের সেবা নিতে পারেন আসা করি কাজে দিবে । আমরা সাধারনত যেকোন ওয়বসাইট মাত্র ৫০০০ হাজার টাকায় তৈরি করে দেই। এবং ইকোমার্স অ্যাপস ৫০০০ হাজার টাকায় তৈরী করে দেই।  যেকোন দোকান ম্যানেজমেন্ট সফটওয়্যার প্রতি মাসে ১০০<span style=\"text-align: var(--bs-body-text-align);\">০</span><span style=\"text-align: var(--bs-body-text-align);\"> টাকা করে দেই।</span></p>\r\n<!-- /wp:paragraph -->\r\n\r\n<!-- wp:paragraph -->\r\n<p>We provide you with the best Store Management Software in Bangladesh.POS management software systems have become one kind of blessing software system</p>\r\n<!-- /wp:paragraph -->\r\n\r\n<!-- wp:heading {\"level\":4} -->\r\n<h4>Why Discount Offer</h4>\r\n<!-- /wp:heading -->\r\n\r\n<!-- wp:paragraph -->\r\n<p>এই ধরনের  দোকান ম্যানেজমেন্ট সফটওয়্যারের দাম প্রচুর (৪০ হাজার থেকে ৮০ হাজার টাকা), যা অনেকের সাধ্যের বাইরে তাই সবার আশা পুরনের লক্ষে সবার উপকারের সার্থে আমাদের এই প্রচস্টা । বাংলাদেশি সফটওয়্যার কোম্পানি সবসময় অল্প টাকায় সবচেয়ে ভালো সার্ভিস দিয়ে থাকে। মানুষকে হেলপ করা মানুষের উপকার করা এটাই আমাদের কোম্পানির মুল লক্ষ্য। আমাদের কাছে টাকা বড় নয়, সার্ভিস টাই বড় চোখে দেখি আমরা।</p>\r\n<!-- /wp:paragraph -->\r\n\r\n<!-- wp:heading {\"level\":4} -->\r\n<h4 id=\"item-description__tour-operator-wordpress-theme\">Why need Store Management Software?</h4>\r\n<!-- /wp:heading -->\r\n\r\n<!-- wp:paragraph -->\r\n<p>আপনার  দোকান ম্যানেজমেন্ট সফটওয়্যার -ই আপনার অফিস।  বিশ্বের যেকোন প্রান্ত থেকে আপনার অফিসের কাজের তদারকি করতে একটি  দোকান ম্যানেজমেন্ট সফটওয়্যার বিকল্প নেই। গ্রাহক সেবা ব্যবসার উন্নতির আরেকটি গুরুত্বপূর্ণ মাধ্যম। গ্রাহককে দ্রুত ও কার্যকর সমাধান প্রধানের ক্ষেত্রে আপনার  দোকান ম্যানেজমেন্ট সফটওয়্যার হতে পারে আপনার প্রতিষ্ঠানের কাস্টমার ম্যানেজার। সেক্ষেত্রে একটি ভাল মানের ওয়েবসাইট অটোমেটিক পদ্ধতিতে আপনার গ্রাহকের সমস্যার সমাধানে একটি কার্যকরি হাতিয়ার হয়ে উঠতে পারে।</p>\r\n<!-- /wp:paragraph -->\r\n\r\n<!-- wp:heading {\"level\":3} -->\r\n<h3 id=\"item-description__-our-travel-agency-wordpress-theme\">Store Management Software Requirements</h3>\r\n<!-- /wp:heading -->\r\n\r\n<!-- wp:list {\"ordered\":true} -->\r\n<ol><li>আমাদের ওয়েবসাইটে একটি একাউন্ট করতে হবে </li><li>মাসিক বা বছর হিসেবে পেমেন্ট করতে পারবেন </li><li>লোগো , অফিস অ্যাড্রেস , ডেসক্রিপশন , এবং প্রয়োজনিয় তথ্য দিতে হবে যেমন এবাউট , কন্টাক্ট , প্রাইভেসি , টার্মস এন্ড কন্ডিশনে কি কি থাকবে ইত্যাদি ।</li></ol>\r\n<!-- /wp:list -->', 'store.jpg');

-- --------------------------------------------------------

--
-- Table structure for table `renew`
--

CREATE TABLE `renew` (
  `id` int(255) NOT NULL,
  `user_id` int(255) NOT NULL,
  `years` varchar(255) NOT NULL,
  `years_num` varchar(255) NOT NULL,
  `pmn_method` varchar(255) NOT NULL,
  `pmn_number` varchar(255) NOT NULL,
  `trans_id` varchar(255) NOT NULL,
  `amount` int(255) NOT NULL,
  `status` varchar(255) NOT NULL DEFAULT 'Pending',
  `time` int(255) NOT NULL
) ENGINE=InnoDB DEFAULT CHARSET=utf8mb4;

-- --------------------------------------------------------

--
-- Table structure for table `salary`
--

CREATE TABLE `salary` (
  `id` int(255) NOT NULL,
  `admin_id` int(255) NOT NULL,
  `emp_id` int(255) NOT NULL,
  `pay` int(255) NOT NULL,
  `status` varchar(255) NOT NULL,
  `date` varchar(255) NOT NULL,
  `time` int(255) NOT NULL
) ENGINE=InnoDB DEFAULT CHARSET=utf8mb4;

--
-- Dumping data for table `salary`
--

INSERT INTO `salary` (`id`, `admin_id`, `emp_id`, `pay`, `status`, `date`, `time`) VALUES
(16, 1, 61, 34343, 'salary', 'October 2022', 1669020527),
(17, 1, 60, 664846, 'salary', 'October 2022', 1669026727),
(20, 1, 57, 15000, 'salary', 'November 2022', 1669026570);

-- --------------------------------------------------------

--
-- Table structure for table `setting`
--

CREATE TABLE `setting` (
  `admin_id` int(255) NOT NULL,
  `id` int(255) NOT NULL,
  `logo` varchar(255) NOT NULL,
  `name` varchar(255) NOT NULL,
  `email` varchar(255) NOT NULL,
  `phone` int(255) NOT NULL,
  `address` varchar(255) NOT NULL,
  `city` varchar(255) NOT NULL,
  `country` varchar(255) NOT NULL,
  `website` varchar(255) NOT NULL,
  `file` varchar(255) NOT NULL DEFAULT 'img.png',
  `time` int(255) NOT NULL
) ENGINE=InnoDB DEFAULT CHARSET=utf8mb4;

--
-- Dumping data for table `setting`
--

INSERT INTO `setting` (`admin_id`, `id`, `logo`, `name`, `email`, `phone`, `address`, `city`, `country`, `website`, `file`, `time`) VALUES
(1, 1, '', 'Bangladeshi Software', 'example@gmail.com', 1719182586, 'Bangladesh', 'Dinajpur', 'Bangladesh', 'https://www.bangladeshisoftware.com/', '279898054_460186332543908_6542258482236105019_n.jpg', 1668911551);

-- --------------------------------------------------------

--
-- Table structure for table `super_admin`
--

CREATE TABLE `super_admin` (
  `id` int(255) NOT NULL,
  `name` varchar(255) NOT NULL,
  `email` varchar(255) NOT NULL,
  `address` varchar(255) NOT NULL,
  `pass` varchar(255) NOT NULL,
  `file` varchar(255) NOT NULL DEFAULT 'avatar.jpg',
  `time` int(255) NOT NULL
) ENGINE=InnoDB DEFAULT CHARSET=utf8mb4;

--
-- Dumping data for table `super_admin`
--

INSERT INTO `super_admin` (`id`, `name`, `email`, `address`, `pass`, `file`, `time`) VALUES
(1, 'Munna Hasan', 'example@gmail.com', 'Dinajpur, Bangladesh', '81dc9bdb52d04dc20036dbd8313ed055', 'avatar.jpg', 1668918669);

-- --------------------------------------------------------

--
-- Table structure for table `tmp_product`
--

CREATE TABLE `tmp_product` (
  `admin_id` int(255) NOT NULL,
  `id` int(255) NOT NULL,
  `order_no` varchar(255) NOT NULL,
  `brand` varchar(255) NOT NULL,
  `product_code` int(255) NOT NULL,
  `product_name` varchar(255) NOT NULL,
  `sell_price` int(255) NOT NULL,
  `quantity` int(255) NOT NULL,
  `vat` int(255) NOT NULL,
  `vat_cost` int(255) NOT NULL,
  `subtotal` int(255) NOT NULL,
  `total` int(255) NOT NULL,
  `customer_id` varchar(255) NOT NULL,
  `pay_method` varchar(255) NOT NULL,
  `amount` int(255) NOT NULL,
  `status` varchar(255) NOT NULL,
  `date` varchar(255) NOT NULL,
  `time` int(255) NOT NULL
) ENGINE=InnoDB DEFAULT CHARSET=utf8mb4;

--
-- Dumping data for table `tmp_product`
--

INSERT INTO `tmp_product` (`admin_id`, `id`, `order_no`, `brand`, `product_code`, `product_name`, `sell_price`, `quantity`, `vat`, `vat_cost`, `subtotal`, `total`, `customer_id`, `pay_method`, `amount`, `status`, `date`, `time`) VALUES
(1, 832, '70252645', 'tecno', 34343, 'HP leptop', 2500, 1, 5, 125, 2500, 2625, '', '', 0, '', 'November 2022', 0),
(1, 833, '70252645', '', 0, '', 0, 0, 0, 0, 0, 0, '57', 'Online', 2625, 'Success', 'November 2022', 1669053088),
(1, 835, '12420163', 'tecno', 34343, 'HP leptop', 2500, 1, 5, 125, 2500, 2625, '', '', 0, '', 'November 2022', 0),
(1, 836, '12420163', '', 0, '', 0, 0, 0, 0, 0, 0, '61', 'Handcash', 343, 'Pending', 'November 2022', 1669094540),
(1, 837, '68962005', 'tecno', 34343, 'HP leptop', 2500, 1, 5, 125, 2500, 2625, '', '', 0, '', 'November 2022', 0),
(1, 838, '68962005', '', 0, '', 0, 0, 0, 0, 0, 0, '57', 'Online', 111, 'Pending', 'November 2022', 1669094552),
(1, 840, '26872458', 'tecno', 34343, 'HP leptop', 2500, 1, 5, 125, 2500, 2625, '', '', 0, '', 'November 2022', 0),
(1, 841, '26872458', '', 0, '', 0, 0, 0, 0, 0, 0, '60', 'Online', 434343, 'Success', 'November 2022', 1669128294);

-- --------------------------------------------------------

--
-- Table structure for table `website_setting`
--

CREATE TABLE `website_setting` (
  `id` int(255) NOT NULL,
  `favicon` varchar(255) NOT NULL,
  `logo` varchar(255) NOT NULL,
  `name` varchar(255) NOT NULL,
  `email` varchar(255) NOT NULL,
  `address` varchar(255) NOT NULL,
  `time` int(255) NOT NULL,
  `facebook` varchar(255) NOT NULL,
  `linkedin` varchar(255) NOT NULL,
  `mail` varchar(255) NOT NULL,
  `youtube` varchar(255) NOT NULL,
  `footer_text` varchar(255) NOT NULL,
  `author` varchar(255) NOT NULL,
  `keywords` varchar(255) NOT NULL,
  `description` varchar(255) NOT NULL
) ENGINE=InnoDB DEFAULT CHARSET=utf8mb4;

--
-- Dumping data for table `website_setting`
--

INSERT INTO `website_setting` (`id`, `favicon`, `logo`, `name`, `email`, `address`, `time`, `facebook`, `linkedin`, `mail`, `youtube`, `footer_text`, `author`, `keywords`, `description`) VALUES
(1, 'favicon.png', '', 'Store Management', 'example@gmail.com', 'Dinajpur,bangladesh', 1665301857, 'https://www.facebook.com/', 'linkedin.com', 'mail.com', 'youtube.com', '©2022 all rights reserved.', 'Store Management Software', 'store,pos,pos system, selling website, store website, store application, cms website, crm', 'আমরা আপনাকে দিচ্ছি রেডিমেড যেকোন দোকান ম্যানেজমেন্ট সফটওয়্যার । আমাদের ডেলিভারির সময় পেমেন্ট করার সাথে সাথেই। আপনি আপনার , যেকোন দোকানের পন্যকে সারা-বাংলাদেশ ব্যাপি অনলাইনে বেচাকিনার জন্য আপনার ব্যাবসাকে ঘরে থেকেই পরিচালনা করার জন্য আমাদের কাছে এখনি দোকা');

--
-- Indexes for dumped tables
--

--
-- Indexes for table `admin_info`
--
ALTER TABLE `admin_info`
  ADD PRIMARY KEY (`id`);

--
-- Indexes for table `brand`
--
ALTER TABLE `brand`
  ADD PRIMARY KEY (`id`);

--
-- Indexes for table `category`
--
ALTER TABLE `category`
  ADD PRIMARY KEY (`id`);

--
-- Indexes for table `customer`
--
ALTER TABLE `customer`
  ADD PRIMARY KEY (`id`);

--
-- Indexes for table `employee`
--
ALTER TABLE `employee`
  ADD PRIMARY KEY (`id`);

--
-- Indexes for table `expense`
--
ALTER TABLE `expense`
  ADD PRIMARY KEY (`id`);

--
-- Indexes for table `mail_setting`
--
ALTER TABLE `mail_setting`
  ADD PRIMARY KEY (`id`);

--
-- Indexes for table `orders`
--
ALTER TABLE `orders`
  ADD PRIMARY KEY (`id`);

--
-- Indexes for table `pages`
--
ALTER TABLE `pages`
  ADD PRIMARY KEY (`id`);

--
-- Indexes for table `payment_method`
--
ALTER TABLE `payment_method`
  ADD PRIMARY KEY (`id`);

--
-- Indexes for table `product`
--
ALTER TABLE `product`
  ADD PRIMARY KEY (`id`);

--
-- Indexes for table `product_setting`
--
ALTER TABLE `product_setting`
  ADD PRIMARY KEY (`id`);

--
-- Indexes for table `renew`
--
ALTER TABLE `renew`
  ADD PRIMARY KEY (`id`);

--
-- Indexes for table `salary`
--
ALTER TABLE `salary`
  ADD PRIMARY KEY (`id`);

--
-- Indexes for table `setting`
--
ALTER TABLE `setting`
  ADD PRIMARY KEY (`id`);

--
-- Indexes for table `super_admin`
--
ALTER TABLE `super_admin`
  ADD PRIMARY KEY (`id`);

--
-- Indexes for table `tmp_product`
--
ALTER TABLE `tmp_product`
  ADD PRIMARY KEY (`id`);

--
-- Indexes for table `website_setting`
--
ALTER TABLE `website_setting`
  ADD PRIMARY KEY (`id`);

--
-- AUTO_INCREMENT for dumped tables
--

--
-- AUTO_INCREMENT for table `admin_info`
--
ALTER TABLE `admin_info`
  MODIFY `id` int(255) NOT NULL AUTO_INCREMENT, AUTO_INCREMENT=29;

--
-- AUTO_INCREMENT for table `brand`
--
ALTER TABLE `brand`
  MODIFY `id` int(255) NOT NULL AUTO_INCREMENT, AUTO_INCREMENT=17;

--
-- AUTO_INCREMENT for table `category`
--
ALTER TABLE `category`
  MODIFY `id` int(11) NOT NULL AUTO_INCREMENT, AUTO_INCREMENT=77;

--
-- AUTO_INCREMENT for table `customer`
--
ALTER TABLE `customer`
  MODIFY `id` int(255) NOT NULL AUTO_INCREMENT, AUTO_INCREMENT=65;

--
-- AUTO_INCREMENT for table `employee`
--
ALTER TABLE `employee`
  MODIFY `id` int(255) NOT NULL AUTO_INCREMENT, AUTO_INCREMENT=67;

--
-- AUTO_INCREMENT for table `expense`
--
ALTER TABLE `expense`
  MODIFY `id` int(255) NOT NULL AUTO_INCREMENT, AUTO_INCREMENT=11;

--
-- AUTO_INCREMENT for table `mail_setting`
--
ALTER TABLE `mail_setting`
  MODIFY `id` int(255) NOT NULL AUTO_INCREMENT, AUTO_INCREMENT=2;

--
-- AUTO_INCREMENT for table `orders`
--
ALTER TABLE `orders`
  MODIFY `id` int(255) NOT NULL AUTO_INCREMENT, AUTO_INCREMENT=86;

--
-- AUTO_INCREMENT for table `pages`
--
ALTER TABLE `pages`
  MODIFY `id` int(11) NOT NULL AUTO_INCREMENT, AUTO_INCREMENT=2;

--
-- AUTO_INCREMENT for table `payment_method`
--
ALTER TABLE `payment_method`
  MODIFY `id` int(255) NOT NULL AUTO_INCREMENT, AUTO_INCREMENT=9;

--
-- AUTO_INCREMENT for table `product`
--
ALTER TABLE `product`
  MODIFY `id` int(255) NOT NULL AUTO_INCREMENT, AUTO_INCREMENT=94;

--
-- AUTO_INCREMENT for table `product_setting`
--
ALTER TABLE `product_setting`
  MODIFY `id` int(255) NOT NULL AUTO_INCREMENT, AUTO_INCREMENT=2;

--
-- AUTO_INCREMENT for table `renew`
--
ALTER TABLE `renew`
  MODIFY `id` int(255) NOT NULL AUTO_INCREMENT, AUTO_INCREMENT=61;

--
-- AUTO_INCREMENT for table `salary`
--
ALTER TABLE `salary`
  MODIFY `id` int(255) NOT NULL AUTO_INCREMENT, AUTO_INCREMENT=21;

--
-- AUTO_INCREMENT for table `setting`
--
ALTER TABLE `setting`
  MODIFY `id` int(255) NOT NULL AUTO_INCREMENT, AUTO_INCREMENT=2;

--
-- AUTO_INCREMENT for table `super_admin`
--
ALTER TABLE `super_admin`
  MODIFY `id` int(255) NOT NULL AUTO_INCREMENT, AUTO_INCREMENT=4;

--
-- AUTO_INCREMENT for table `tmp_product`
--
ALTER TABLE `tmp_product`
  MODIFY `id` int(255) NOT NULL AUTO_INCREMENT, AUTO_INCREMENT=842;

--
-- AUTO_INCREMENT for table `website_setting`
--
ALTER TABLE `website_setting`
  MODIFY `id` int(255) NOT NULL AUTO_INCREMENT, AUTO_INCREMENT=2;
COMMIT;

/*!40101 SET CHARACTER_SET_CLIENT=@OLD_CHARACTER_SET_CLIENT */;
/*!40101 SET CHARACTER_SET_RESULTS=@OLD_CHARACTER_SET_RESULTS */;
/*!40101 SET COLLATION_CONNECTION=@OLD_COLLATION_CONNECTION */;
